2ddeb7c769b798731b0cc2d538fd55a0c101119b,8a34176d8221208f4bae4930dac5b2575ca4805a,tool/src/org/antlr/v4/Tool.java,tool/src/org/antlr/v4/Tool.java,https://github.com/antlr/antlr4,antlr4,3,32
2ddeb7c769b798731b0cc2d538fd55a0c101119b,3ece2c8640821cd1103c6e0a15aceceda008abb4,tool/src/org/antlr/v4/tool/Grammar.java,tool/src/org/antlr/v4/tool/Grammar.java,https://github.com/antlr/antlr4,antlr4,374,453
061fff09f9d3104ec5b58beee06447357511691f,251a42ddbb0b48055a4510102c53c2446f95de05,tool/src/org/antlr/v4/automata/ParserATNFactory.java,tool/src/org/antlr/v4/automata/ParserATNFactory.java,https://github.com/antlr/antlr4,antlr4,4,33
061fff09f9d3104ec5b58beee06447357511691f,5cf4cba9c7e00d334c3681d26482772289cbaf76,tool/src/org/antlr/v4/tool/LexerGrammar.java,tool/src/org/antlr/v4/tool/LexerGrammar.java,https://github.com/antlr/antlr4,antlr4,5,35
bb02ed151e99cb5534892d375e6989772388fa6b,8a34176d8221208f4bae4930dac5b2575ca4805a,tool/src/org/antlr/v4/Tool.java,tool/src/org/antlr/v4/Tool.java,https://github.com/antlr/antlr4,antlr4,12,43
1530234c2934fea43359eaf4863e2f8eae7ca6f9,36f3590f6c395537cc76276cbafeb25c15647518,tool/src/org/antlr/v4/tool/ErrorType.java,tool/src/org/antlr/v4/tool/ErrorType.java,https://github.com/antlr/antlr4,antlr4,127,128
1d6ce548165897a102c661293a15fc647f584194,3ece2c8640821cd1103c6e0a15aceceda008abb4,runtime/Java/src/org/antlr/v4/runtime/Token.java,runtime/Java/src/org/antlr/v4/runtime/Token.java,https://github.com/antlr/antlr4,antlr4,34,39
c607e66f1af435dd54cc2967c0795212a0835a12,36f3590f6c395537cc76276cbafeb25c15647518,tool/src/org/antlr/v4/tool/ErrorManager.java,tool/src/org/antlr/v4/tool/ErrorManager.java,https://github.com/antlr/antlr4,antlr4,168,203
046b469f8e9c7f06c0c269d5fa4aea8d8cb9ecec,2c8ef6470f82d83540e2641f5797995f0638f2a3,tool/src/org/antlr/v4/codegen/CodeGenerator.java,tool/src/org/antlr/v4/codegen/CodeGenerator.java,https://github.com/antlr/antlr4,antlr4,40,77
05d76709858a36d7d4d1b51e184d9bd28eb84bfa,251a42ddbb0b48055a4510102c53c2446f95de05,tool/src/org/antlr/v4/codegen/model/LL1PlusBlock.java,tool/src/org/antlr/v4/codegen/model/LL1PlusBlock.java,https://github.com/antlr/antlr4,antlr4,3,32
1775feffdb24bce80765cc4dfd968314686537dd,88dedbd1e0cddca001afb2704a03cd58e5013805,tool/src/org/antlr/v4/misc/DoubleKeyMap.java,runtime/Java/src/org/antlr/v4/runtime/misc/DoubleKeyMap.java,https://github.com/antlr/antlr4,antlr4,32,32
07161bffe74109cd7c26bc3080cdab81dfd541ca,547d58514de51b427b011068a524bcd42a237e3c,tool/src/org/antlr/v4/codegen/model/LL1StarBlock.java,tool/src/org/antlr/v4/codegen/model/LL1StarBlock.java,https://github.com/antlr/antlr4,antlr4,46,46
f81d629780cf1086e5ef611539a81927aae31805,36f3590f6c395537cc76276cbafeb25c15647518,tool/src/org/antlr/v4/semantics/BasicSemanticChecks.java,tool/src/org/antlr/v4/semantics/BasicSemanticChecks.java,https://github.com/antlr/antlr4,antlr4,210,210
c6904bb21b5f0127f03b9b6f4b2e961fe439d326,36f3590f6c395537cc76276cbafeb25c15647518,tool/src/org/antlr/v4/Tool.java,tool/src/org/antlr/v4/Tool.java,https://github.com/antlr/antlr4,antlr4,228,228
6dab71e160dffa56267b7280961c62f654fa54a0,36f3590f6c395537cc76276cbafeb25c15647518,tool/src/org/antlr/v4/Tool.java,tool/src/org/antlr/v4/Tool.java,https://github.com/antlr/antlr4,antlr4,596,596
6dab71e160dffa56267b7280961c62f654fa54a0,36f3590f6c395537cc76276cbafeb25c15647518,tool/src/org/antlr/v4/semantics/BasicSemanticChecks.java,tool/src/org/antlr/v4/semantics/BasicSemanticChecks.java,https://github.com/antlr/antlr4,antlr4,369,369
6dab71e160dffa56267b7280961c62f654fa54a0,36f3590f6c395537cc76276cbafeb25c15647518,tool/src/org/antlr/v4/tool/ErrorManager.java,tool/src/org/antlr/v4/tool/ErrorManager.java,https://github.com/antlr/antlr4,antlr4,159,159
3b52eb4e6ae4354f5035212dfff4ed1884b61d39,2c8ef6470f82d83540e2641f5797995f0638f2a3,tool/src/org/antlr/v4/codegen/CodeGenerator.java,tool/src/org/antlr/v4/codegen/CodeGenerator.java,https://github.com/antlr/antlr4,antlr4,130,134
3b52eb4e6ae4354f5035212dfff4ed1884b61d39,3ece2c8640821cd1103c6e0a15aceceda008abb4,tool/src/org/antlr/v4/tool/GrammarTransformPipeline.java,tool/src/org/antlr/v4/tool/GrammarTransformPipeline.java,https://github.com/antlr/antlr4,antlr4,36,43
078e2ab47c9fc80db7912d548d3c6d9ccd58ec47,6576abf65fd4b965a9a08eca6e39ecaf9f759525,runtime/Java/src/org/antlr/v4/runtime/atn/LexerATNSimulator.java,runtime/Java/src/org/antlr/v4/runtime/atn/LexerATNSimulator.java,https://github.com/antlr/antlr4,antlr4,39,39
213628796650752086c7d0bbb87b50b8a0c8fb29,b1c7edb8d87fcc8005dee915a56fcae783e9ef71,runtime/Java/src/org/antlr/v4/runtime/atn/ParserATNSimulator.java,runtime/Java/src/org/antlr/v4/runtime/atn/ParserATNSimulator.java,https://github.com/antlr/antlr4,antlr4,374,640
e32bae327629c5dd84725f422f78bc99a952e037,a923ad8765f25c7b0a8aa290a7ec00d488feb3a2,tool/src/org/antlr/v4/automata/ParserATNFactory.java,tool/src/org/antlr/v4/automata/ParserATNFactory.java,https://github.com/antlr/antlr4,antlr4,375,429
e32bae327629c5dd84725f422f78bc99a952e037,547d58514de51b427b011068a524bcd42a237e3c,tool/src/org/antlr/v4/codegen/model/LL1StarBlock.java,tool/src/org/antlr/v4/codegen/model/LL1StarBlock.java,https://github.com/antlr/antlr4,antlr4,50,49
a7f2bc31ac079c39d04f7209ab2bc16da510b715,298a15e017f059c4107aa852943891c43ba3a998,runtime/Java/src/org/antlr/v4/runtime/atn/ParserATNSimulator.java,runtime/Java/src/org/antlr/v4/runtime/atn/ParserATNSimulator.java,https://github.com/antlr/antlr4,antlr4,326,368
a7f2bc31ac079c39d04f7209ab2bc16da510b715,547d58514de51b427b011068a524bcd42a237e3c,runtime/Java/src/org/antlr/v4/runtime/atn/ParserATNSimulator.java,runtime/Java/src/org/antlr/v4/runtime/atn/ParserATNSimulator.java,https://github.com/antlr/antlr4,antlr4,164,172
a7f2bc31ac079c39d04f7209ab2bc16da510b715,b1c7edb8d87fcc8005dee915a56fcae783e9ef71,runtime/Java/src/org/antlr/v4/runtime/atn/ParserATNSimulator.java,runtime/Java/src/org/antlr/v4/runtime/atn/ParserATNSimulator.java,https://github.com/antlr/antlr4,antlr4,165,219
5c6f35abefe42f36e2adc118c66289e8845a36a9,b1c7edb8d87fcc8005dee915a56fcae783e9ef71,runtime/Java/src/org/antlr/v4/runtime/BaseRecognizer.java,runtime/Java/src/org/antlr/v4/runtime/BaseRecognizer.java,https://github.com/antlr/antlr4,antlr4,717,401
32a375bbf7210fcf9abf401fc665c5c96015ec5d,c33b06fdde6de46ed304157f9ab5218580058881,runtime/Java/src/org/antlr/v4/runtime/RecognitionException.java,runtime/Java/src/org/antlr/v4/runtime/RecognitionException.java,https://github.com/antlr/antlr4,antlr4,190,107
64ccba416817b93f242f2d59bf3bf2a9ed9ff193,8a34176d8221208f4bae4930dac5b2575ca4805a,tool/src/org/antlr/v4/codegen/model/RuleFunction.java,tool/src/org/antlr/v4/codegen/model/RuleFunction.java,https://github.com/antlr/antlr4,antlr4,83,112
6c45753bea74f9aeafd99f1d170ce0d2f1788872,5cf4cba9c7e00d334c3681d26482772289cbaf76,tool/src/org/antlr/v4/codegen/CodeGenerator.java,tool/src/org/antlr/v4/codegen/CodeGenerator.java,https://github.com/antlr/antlr4,antlr4,35,35
b63b271815adf5f601aaa3aeb872aaa4ea1d0e7c,c33b06fdde6de46ed304157f9ab5218580058881,runtime/Java/src/org/antlr/v4/runtime/RecognitionException.java,runtime/Java/src/org/antlr/v4/runtime/RecognitionException.java,https://github.com/antlr/antlr4,antlr4,186,102
e8a2a738cfafacfc8f02492d7181d9e9e5b90edb,c33b06fdde6de46ed304157f9ab5218580058881,runtime/Java/src/org/antlr/v4/runtime/RecognitionException.java,runtime/Java/src/org/antlr/v4/runtime/RecognitionException.java,https://github.com/antlr/antlr4,antlr4,32,32
e8a2a738cfafacfc8f02492d7181d9e9e5b90edb,c33b06fdde6de46ed304157f9ab5218580058881,runtime/Java/src/org/antlr/v4/runtime/RecognitionException.java,runtime/Java/src/org/antlr/v4/runtime/RecognitionException.java,https://github.com/antlr/antlr4,antlr4,188,105
e8a2a738cfafacfc8f02492d7181d9e9e5b90edb,c33b06fdde6de46ed304157f9ab5218580058881,runtime/Java/src/org/antlr/v4/runtime/tree/TreeParser.java,runtime/Java/src/org/antlr/v4/runtime/tree/TreeParser.java,https://github.com/antlr/antlr4,antlr4,98,100
f02db87c026ffc45fa17b664a772bc7a55857c1a,298a15e017f059c4107aa852943891c43ba3a998,runtime/Java/src/org/antlr/v4/runtime/atn/ParserATNSimulator.java,runtime/Java/src/org/antlr/v4/runtime/atn/ParserATNSimulator.java,https://github.com/antlr/antlr4,antlr4,84,84
f02db87c026ffc45fa17b664a772bc7a55857c1a,251a42ddbb0b48055a4510102c53c2446f95de05,runtime/Java/src/org/antlr/v4/runtime/atn/ParserATNSimulator.java,runtime/Java/src/org/antlr/v4/runtime/atn/ParserATNSimulator.java,https://github.com/antlr/antlr4,antlr4,33,33
f02db87c026ffc45fa17b664a772bc7a55857c1a,547d58514de51b427b011068a524bcd42a237e3c,runtime/Java/src/org/antlr/v4/runtime/atn/ParserATNSimulator.java,runtime/Java/src/org/antlr/v4/runtime/atn/ParserATNSimulator.java,https://github.com/antlr/antlr4,antlr4,185,190
f02db87c026ffc45fa17b664a772bc7a55857c1a,b1c7edb8d87fcc8005dee915a56fcae783e9ef71,runtime/Java/src/org/antlr/v4/runtime/atn/ParserATNSimulator.java,runtime/Java/src/org/antlr/v4/runtime/atn/ParserATNSimulator.java,https://github.com/antlr/antlr4,antlr4,233,307
82360bfaa86c226d5d344251cb572e6dfba55960,c33b06fdde6de46ed304157f9ab5218580058881,runtime/Java/src/org/antlr/v4/runtime/tree/BaseAST.java,runtime/Java/src/org/antlr/v4/runtime/tree/BaseAST.java,https://github.com/antlr/antlr4,antlr4,32,32
60c9fe76c0b6da18b4bb6f94e6e1ddd7c7d3172f,298a15e017f059c4107aa852943891c43ba3a998,runtime/Java/src/org/antlr/v4/runtime/RecognitionException.java,runtime/Java/src/org/antlr/v4/runtime/RecognitionException.java,https://github.com/antlr/antlr4,antlr4,31,31
60c9fe76c0b6da18b4bb6f94e6e1ddd7c7d3172f,8099cec3bd81c4428fab51d3b79bd373a62cba07,runtime/Java/src/org/antlr/v4/runtime/Recognizer.java,runtime/Java/src/org/antlr/v4/runtime/Recognizer.java,https://github.com/antlr/antlr4,antlr4,208,110
98942212493718536b4edc3fa3ed692650fc85f1,298a15e017f059c4107aa852943891c43ba3a998,runtime/Java/src/org/antlr/v4/runtime/BaseRecognizer.java,runtime/Java/src/org/antlr/v4/runtime/BaseRecognizer.java,https://github.com/antlr/antlr4,antlr4,225,225
98942212493718536b4edc3fa3ed692650fc85f1,298a15e017f059c4107aa852943891c43ba3a998,runtime/Java/src/org/antlr/v4/runtime/DefaultANTLRErrorStrategy.java,runtime/Java/src/org/antlr/v4/runtime/DefaultANTLRErrorStrategy.java,https://github.com/antlr/antlr4,antlr4,50,50
298a15e017f059c4107aa852943891c43ba3a998,c33b06fdde6de46ed304157f9ab5218580058881,runtime/Java/src/org/antlr/v4/runtime/ANTLRParserListener.java,runtime/Java/src/org/antlr/v4/runtime/ANTLRParserListener.java,https://github.com/antlr/antlr4,antlr4,73,73
298a15e017f059c4107aa852943891c43ba3a998,c33b06fdde6de46ed304157f9ab5218580058881,runtime/Java/src/org/antlr/v4/runtime/BaseRecognizer.java,runtime/Java/src/org/antlr/v4/runtime/BaseRecognizer.java,https://github.com/antlr/antlr4,antlr4,528,201
298a15e017f059c4107aa852943891c43ba3a998,c33b06fdde6de46ed304157f9ab5218580058881,runtime/Java/src/org/antlr/v4/runtime/BaseRecognizer.java,runtime/Java/src/org/antlr/v4/runtime/BaseRecognizer.java,https://github.com/antlr/antlr4,antlr4,529,202
298a15e017f059c4107aa852943891c43ba3a998,8099cec3bd81c4428fab51d3b79bd373a62cba07,runtime/Java/src/org/antlr/v4/runtime/DefaultANTLRErrorStrategy.java,runtime/Java/src/org/antlr/v4/runtime/DefaultErrorStrategy.java,https://github.com/antlr/antlr4,antlr4,126,240
298a15e017f059c4107aa852943891c43ba3a998,c33b06fdde6de46ed304157f9ab5218580058881,runtime/Java/src/org/antlr/v4/runtime/RecognitionException.java,runtime/Java/src/org/antlr/v4/runtime/RecognitionException.java,https://github.com/antlr/antlr4,antlr4,82,59
298a15e017f059c4107aa852943891c43ba3a998,c33b06fdde6de46ed304157f9ab5218580058881,runtime/Java/src/org/antlr/v4/runtime/RecognitionException.java,runtime/Java/src/org/antlr/v4/runtime/RecognitionException.java,https://github.com/antlr/antlr4,antlr4,180,103
49571e386f92efb484d0a99551aa4e1346461d4a,c33b06fdde6de46ed304157f9ab5218580058881,runtime/Java/src/org/antlr/v4/runtime/BaseRecognizer.java,runtime/Java/src/org/antlr/v4/runtime/BaseRecognizer.java,https://github.com/antlr/antlr4,antlr4,526,200
49571e386f92efb484d0a99551aa4e1346461d4a,c33b06fdde6de46ed304157f9ab5218580058881,runtime/Java/src/org/antlr/v4/runtime/BaseRecognizer.java,runtime/Java/src/org/antlr/v4/runtime/BaseRecognizer.java,https://github.com/antlr/antlr4,antlr4,529,203
49571e386f92efb484d0a99551aa4e1346461d4a,c33b06fdde6de46ed304157f9ab5218580058881,runtime/Java/src/org/antlr/v4/runtime/NoViableAltException.java,runtime/Java/src/org/antlr/v4/runtime/NoViableAltException.java,https://github.com/antlr/antlr4,antlr4,72,72
49571e386f92efb484d0a99551aa4e1346461d4a,c33b06fdde6de46ed304157f9ab5218580058881,runtime/Java/src/org/antlr/v4/runtime/RecognitionException.java,runtime/Java/src/org/antlr/v4/runtime/RecognitionException.java,https://github.com/antlr/antlr4,antlr4,48,48
c33b06fdde6de46ed304157f9ab5218580058881,b6a824ddd5c9a75226de8f7a48089a5ed8951b96,tool/src/org/antlr/v4/tool/GrammarAST.java,tool/src/org/antlr/v4/tool/ast/GrammarAST.java,https://github.com/antlr/antlr4,antlr4,117,158
c33b06fdde6de46ed304157f9ab5218580058881,b6a824ddd5c9a75226de8f7a48089a5ed8951b96,tool/src/org/antlr/v4/tool/GrammarAST.java,tool/src/org/antlr/v4/tool/ast/GrammarAST.java,https://github.com/antlr/antlr4,antlr4,119,160
c33b06fdde6de46ed304157f9ab5218580058881,b6a824ddd5c9a75226de8f7a48089a5ed8951b96,tool/src/org/antlr/v4/tool/GrammarAST.java,tool/src/org/antlr/v4/tool/ast/GrammarAST.java,https://github.com/antlr/antlr4,antlr4,120,161
8508dd6da0efd30d0165caf18474aaf4ea44d9e0,251a42ddbb0b48055a4510102c53c2446f95de05,runtime/Java/src/org/antlr/v4/runtime/DefaultANTLRErrorStrategy.java,runtime/Java/src/org/antlr/v4/runtime/DefaultANTLRErrorStrategy.java,https://github.com/antlr/antlr4,antlr4,96,104
8508dd6da0efd30d0165caf18474aaf4ea44d9e0,8099cec3bd81c4428fab51d3b79bd373a62cba07,runtime/Java/src/org/antlr/v4/runtime/DefaultANTLRErrorStrategy.java,runtime/Java/src/org/antlr/v4/runtime/DefaultErrorStrategy.java,https://github.com/antlr/antlr4,antlr4,45,94
2707837bc84e7003886dd24483f058b649dc571a,251a42ddbb0b48055a4510102c53c2446f95de05,runtime/Java/src/org/antlr/v4/runtime/DefaultANTLRErrorStrategy.java,runtime/Java/src/org/antlr/v4/runtime/DefaultANTLRErrorStrategy.java,https://github.com/antlr/antlr4,antlr4,93,105
251a42ddbb0b48055a4510102c53c2446f95de05,8d7a97fb68be6ecba6ab87a971107ecb2274c909,runtime/Java/src/org/antlr/v4/runtime/atn/ParserATNSimulator.java,runtime/Java/src/org/antlr/v4/runtime/atn/ParserATNSimulator.java,https://github.com/antlr/antlr4,antlr4,215,250
9784ce3d22c4f425de83ab7ddfdbb5eba6c5e3ce,3ece2c8640821cd1103c6e0a15aceceda008abb4,tool/src/org/antlr/v4/tool/GrammarTransformPipeline.java,tool/src/org/antlr/v4/tool/GrammarTransformPipeline.java,https://github.com/antlr/antlr4,antlr4,39,41
6e2bbcdb42bdee6d3b08b06c17f5ab9e49dd0056,5cf4cba9c7e00d334c3681d26482772289cbaf76,tool/src/org/antlr/v4/automata/LexerATNFactory.java,tool/src/org/antlr/v4/automata/LexerATNFactory.java,https://github.com/antlr/antlr4,antlr4,38,38
bc5577307c107c97b28614a501ff22ed6fbd611b,f554a2ed4f024d8947306202752ee05c4ba192b6,runtime/Java/src/org/antlr/v4/runtime/atn/LexerATNSimulator.java,runtime/Java/src/org/antlr/v4/runtime/atn/LexerATNSimulator.java,https://github.com/antlr/antlr4,antlr4,38,49
bc5577307c107c97b28614a501ff22ed6fbd611b,f554a2ed4f024d8947306202752ee05c4ba192b6,runtime/Java/src/org/antlr/v4/runtime/atn/LexerATNSimulator.java,runtime/Java/src/org/antlr/v4/runtime/atn/LexerATNSimulator.java,https://github.com/antlr/antlr4,antlr4,39,50
2d43a22e27b81cd511178ed177d0b6bd65af1402,b255509e961bfa798e209c4656738b2937d2b1c3,runtime/Java/src/org/antlr/v4/runtime/atn/LexerATNSimulator.java,runtime/Java/src/org/antlr/v4/runtime/atn/LexerATNSimulator.java,https://github.com/antlr/antlr4,antlr4,57,74
2d43a22e27b81cd511178ed177d0b6bd65af1402,3ece2c8640821cd1103c6e0a15aceceda008abb4,runtime/Java/src/org/antlr/v4/runtime/atn/LexerATNSimulator.java,runtime/Java/src/org/antlr/v4/runtime/atn/LexerATNSimulator.java,https://github.com/antlr/antlr4,antlr4,57,71
fbbf74bc4e9d765dd651b62e554335e504f95927,b1c7edb8d87fcc8005dee915a56fcae783e9ef71,runtime/Java/src/org/antlr/v4/runtime/ANTLRErrorStrategy.java,runtime/Java/src/org/antlr/v4/runtime/ANTLRErrorStrategy.java,https://github.com/antlr/antlr4,antlr4,55,55
0d41d48d6e2ee8cb7e949bbf0316758f7c1bd0fa,3ece2c8640821cd1103c6e0a15aceceda008abb4,runtime/Java/src/org/antlr/v4/runtime/CommonTokenStream.java,runtime/Java/src/org/antlr/v4/runtime/CommonTokenStream.java,https://github.com/antlr/antlr4,antlr4,120,141
352619810552c3bf1c106f9ce2c5c28d200a7aca,3ece2c8640821cd1103c6e0a15aceceda008abb4,runtime/Java/src/org/antlr/v4/runtime/BufferedTokenStream.java,runtime/Java/src/org/antlr/v4/runtime/BufferedTokenStream.java,https://github.com/antlr/antlr4,antlr4,238,239
352619810552c3bf1c106f9ce2c5c28d200a7aca,44e2f7f0fd608fe43991e20c51056437f4466eff,runtime/Java/src/org/antlr/v4/runtime/CommonTokenStream.java,runtime/Java/src/org/antlr/v4/runtime/CommonTokenStream.java,https://github.com/antlr/antlr4,antlr4,76,78
352619810552c3bf1c106f9ce2c5c28d200a7aca,a69ccb3c70fd3a7882566c19de4dc053e71cbf16,runtime/Java/src/org/antlr/v4/runtime/CommonTokenStream.java,runtime/Java/src/org/antlr/v4/runtime/CommonTokenStream.java,https://github.com/antlr/antlr4,antlr4,76,78
352619810552c3bf1c106f9ce2c5c28d200a7aca,a69ccb3c70fd3a7882566c19de4dc053e71cbf16,runtime/Java/src/org/antlr/v4/runtime/CommonTokenStream.java,runtime/Java/src/org/antlr/v4/runtime/CommonTokenStream.java,https://github.com/antlr/antlr4,antlr4,129,126
65f8b9f124277137040c2b663d734f7ead1eea43,8099cec3bd81c4428fab51d3b79bd373a62cba07,runtime/Java/src/org/antlr/v4/runtime/Lexer.java,runtime/Java/src/org/antlr/v4/runtime/Lexer.java,https://github.com/antlr/antlr4,antlr4,316,325
6060b6c288475daa2d393f1b158007bcea648687,8a34176d8221208f4bae4930dac5b2575ca4805a,runtime/Java/src/org/antlr/v4/runtime/tree/ParseTree.java,runtime/Java/src/org/antlr/v4/runtime/tree/ParseTree.java,https://github.com/antlr/antlr4,antlr4,76,75
6060b6c288475daa2d393f1b158007bcea648687,8a34176d8221208f4bae4930dac5b2575ca4805a,runtime/Java/src/org/antlr/v4/runtime/tree/ParseTree.java,runtime/Java/src/org/antlr/v4/runtime/tree/ParseTree.java,https://github.com/antlr/antlr4,antlr4,90,89
6060b6c288475daa2d393f1b158007bcea648687,8099cec3bd81c4428fab51d3b79bd373a62cba07,runtime/Java/src/org/antlr/v4/runtime/tree/ParseTreeWalker.java,runtime/Java/src/org/antlr/v4/runtime/tree/ParseTreeWalker.java,https://github.com/antlr/antlr4,antlr4,52,52
ca141afc287a63842ccb24cb559bb0c3fccfb042,a923ad8765f25c7b0a8aa290a7ec00d488feb3a2,runtime/Java/src/org/antlr/v4/runtime/atn/ATNState.java,runtime/Java/src/org/antlr/v4/runtime/atn/ATNState.java,https://github.com/antlr/antlr4,antlr4,71,66
ca141afc287a63842ccb24cb559bb0c3fccfb042,a923ad8765f25c7b0a8aa290a7ec00d488feb3a2,runtime/Java/src/org/antlr/v4/runtime/dfa/DFA.java,runtime/Java/src/org/antlr/v4/runtime/dfa/DFA.java,https://github.com/antlr/antlr4,antlr4,49,50
0092b421b506728da53ee05a044748825e7b9147,b255509e961bfa798e209c4656738b2937d2b1c3,runtime/Java/src/org/antlr/v4/runtime/atn/LexerATNSimulator.java,runtime/Java/src/org/antlr/v4/runtime/atn/LexerATNSimulator.java,https://github.com/antlr/antlr4,antlr4,78,85
0092b421b506728da53ee05a044748825e7b9147,3ece2c8640821cd1103c6e0a15aceceda008abb4,runtime/Java/src/org/antlr/v4/runtime/atn/LexerATNSimulator.java,runtime/Java/src/org/antlr/v4/runtime/atn/LexerATNSimulator.java,https://github.com/antlr/antlr4,antlr4,78,82
b61603e98a8b3126134c4249f2d020e36da454cd,b1c7edb8d87fcc8005dee915a56fcae783e9ef71,runtime/Java/src/org/antlr/v4/runtime/ANTLRErrorStrategy.java,runtime/Java/src/org/antlr/v4/runtime/ANTLRErrorStrategy.java,https://github.com/antlr/antlr4,antlr4,26,26
b61603e98a8b3126134c4249f2d020e36da454cd,8099cec3bd81c4428fab51d3b79bd373a62cba07,runtime/Java/src/org/antlr/v4/runtime/Recognizer.java,runtime/Java/src/org/antlr/v4/runtime/Recognizer.java,https://github.com/antlr/antlr4,antlr4,201,100
b61603e98a8b3126134c4249f2d020e36da454cd,b1c7edb8d87fcc8005dee915a56fcae783e9ef71,runtime/Java/src/org/antlr/v4/runtime/atn/ParserATNSimulator.java,runtime/Java/src/org/antlr/v4/runtime/atn/ParserATNSimulator.java,https://github.com/antlr/antlr4,antlr4,246,302
b61603e98a8b3126134c4249f2d020e36da454cd,8a34176d8221208f4bae4930dac5b2575ca4805a,runtime/Java/src/org/antlr/v4/runtime/tree/ParseTree.java,runtime/Java/src/org/antlr/v4/runtime/tree/ParseTree.java,https://github.com/antlr/antlr4,antlr4,48,48
b61603e98a8b3126134c4249f2d020e36da454cd,8a34176d8221208f4bae4930dac5b2575ca4805a,runtime/Java/src/org/antlr/v4/runtime/tree/ParseTree.java,runtime/Java/src/org/antlr/v4/runtime/tree/ParseTree.java,https://github.com/antlr/antlr4,antlr4,115,110
b61603e98a8b3126134c4249f2d020e36da454cd,8099cec3bd81c4428fab51d3b79bd373a62cba07,runtime/Java/src/org/antlr/v4/runtime/tree/ParseTreeListener.java,runtime/Java/src/org/antlr/v4/runtime/tree/ParseTreeListener.java,https://github.com/antlr/antlr4,antlr4,35,35
b61603e98a8b3126134c4249f2d020e36da454cd,8a34176d8221208f4bae4930dac5b2575ca4805a,runtime/Java/src/org/antlr/v4/runtime/tree/ParseTreeListener.java,runtime/Java/src/org/antlr/v4/runtime/tree/ParseTreeListener.java,https://github.com/antlr/antlr4,antlr4,34,34
b61603e98a8b3126134c4249f2d020e36da454cd,8099cec3bd81c4428fab51d3b79bd373a62cba07,runtime/Java/src/org/antlr/v4/runtime/tree/ParseTreeWalker.java,runtime/Java/src/org/antlr/v4/runtime/tree/ParseTreeWalker.java,https://github.com/antlr/antlr4,antlr4,51,51
b61603e98a8b3126134c4249f2d020e36da454cd,8a34176d8221208f4bae4930dac5b2575ca4805a,runtime/Java/src/org/antlr/v4/runtime/tree/ParseTreeWalker.java,runtime/Java/src/org/antlr/v4/runtime/tree/ParseTreeWalker.java,https://github.com/antlr/antlr4,antlr4,37,38
01a71c5b027558ba16bef8bcd406537e9968d7ea,8a34176d8221208f4bae4930dac5b2575ca4805a,runtime/Java/src/org/antlr/v4/runtime/ParserRuleContext.java,runtime/Java/src/org/antlr/v4/runtime/ParserRuleContext.java,https://github.com/antlr/antlr4,antlr4,52,60
18e8a853e79c38a232feb496d1fb6caa4bd59f0d,3ece2c8640821cd1103c6e0a15aceceda008abb4,tool/src/org/antlr/v4/tool/Grammar.java,tool/src/org/antlr/v4/tool/Grammar.java,https://github.com/antlr/antlr4,antlr4,52,60
7d5c69842bfd7601adc5ad42b61e550eceee40e2,44e2f7f0fd608fe43991e20c51056437f4466eff,runtime/Java/src/org/antlr/v4/runtime/BufferedTokenStream.java,runtime/Java/src/org/antlr/v4/runtime/BufferedTokenStream.java,https://github.com/antlr/antlr4,antlr4,68,68
7d5c69842bfd7601adc5ad42b61e550eceee40e2,a69ccb3c70fd3a7882566c19de4dc053e71cbf16,runtime/Java/src/org/antlr/v4/runtime/BufferedTokenStream.java,runtime/Java/src/org/antlr/v4/runtime/BufferedTokenStream.java,https://github.com/antlr/antlr4,antlr4,68,74
09ad4bcb0a2f0e66a402ecbc2c23b293ab97f727,3ece2c8640821cd1103c6e0a15aceceda008abb4,tool/src/org/antlr/v4/parse/ScopeParser.java,tool/src/org/antlr/v4/parse/ScopeParser.java,https://github.com/antlr/antlr4,antlr4,83,83
7a52d4e304dd4152c8b162559acb6d97ba38fd42,b255509e961bfa798e209c4656738b2937d2b1c3,runtime/Java/src/org/antlr/v4/runtime/atn/LexerATNSimulator.java,runtime/Java/src/org/antlr/v4/runtime/atn/LexerATNSimulator.java,https://github.com/antlr/antlr4,antlr4,273,324
7a52d4e304dd4152c8b162559acb6d97ba38fd42,3ece2c8640821cd1103c6e0a15aceceda008abb4,runtime/Java/src/org/antlr/v4/runtime/atn/LexerATNSimulator.java,runtime/Java/src/org/antlr/v4/runtime/atn/LexerATNSimulator.java,https://github.com/antlr/antlr4,antlr4,273,321
7a52d4e304dd4152c8b162559acb6d97ba38fd42,b1c7edb8d87fcc8005dee915a56fcae783e9ef71,runtime/Java/src/org/antlr/v4/runtime/atn/ParserATNSimulator.java,runtime/Java/src/org/antlr/v4/runtime/atn/ParserATNSimulator.java,https://github.com/antlr/antlr4,antlr4,200,242
4af8a7ac61aa292fc2f67f02e6edaa20c5e3fa6b,b1c7edb8d87fcc8005dee915a56fcae783e9ef71,runtime/Java/src/org/antlr/v4/runtime/BaseRecognizer.java,runtime/Java/src/org/antlr/v4/runtime/BaseRecognizer.java,https://github.com/antlr/antlr4,antlr4,35,35
d2b24da47f7cbb69a11f7593358149e71af68ccf,b1c7edb8d87fcc8005dee915a56fcae783e9ef71,runtime/Java/src/org/antlr/v4/runtime/BaseRecognizer.java,runtime/Java/src/org/antlr/v4/runtime/BaseRecognizer.java,https://github.com/antlr/antlr4,antlr4,31,31
e288ff30393e69d2dfef4ef648ccdad7210e1de9,8d7a97fb68be6ecba6ab87a971107ecb2274c909,runtime/Java/src/org/antlr/v4/runtime/atn/ParserATNSimulator.java,runtime/Java/src/org/antlr/v4/runtime/atn/ParserATNSimulator.java,https://github.com/antlr/antlr4,antlr4,618,688
e288ff30393e69d2dfef4ef648ccdad7210e1de9,8d7a97fb68be6ecba6ab87a971107ecb2274c909,runtime/Java/src/org/antlr/v4/runtime/atn/SemanticContext.java,runtime/Java/src/org/antlr/v4/runtime/atn/SemanticContext.java,https://github.com/antlr/antlr4,antlr4,94,115
9a1a8428b55d61d8885526a7b6e4a3b38e639810,b1c7edb8d87fcc8005dee915a56fcae783e9ef71,runtime/Java/src/org/antlr/v4/runtime/BaseRecognizer.java,runtime/Java/src/org/antlr/v4/runtime/BaseRecognizer.java,https://github.com/antlr/antlr4,antlr4,33,33
9a1a8428b55d61d8885526a7b6e4a3b38e639810,b1c7edb8d87fcc8005dee915a56fcae783e9ef71,runtime/Java/src/org/antlr/v4/runtime/atn/ParserATNSimulator.java,runtime/Java/src/org/antlr/v4/runtime/atn/ParserATNSimulator.java,https://github.com/antlr/antlr4,antlr4,163,185
9a1a8428b55d61d8885526a7b6e4a3b38e639810,b1c7edb8d87fcc8005dee915a56fcae783e9ef71,runtime/Java/src/org/antlr/v4/runtime/atn/ParserATNSimulator.java,runtime/Java/src/org/antlr/v4/runtime/atn/ParserATNSimulator.java,https://github.com/antlr/antlr4,antlr4,164,186
9a1a8428b55d61d8885526a7b6e4a3b38e639810,b1c7edb8d87fcc8005dee915a56fcae783e9ef71,runtime/Java/src/org/antlr/v4/runtime/atn/ParserATNSimulator.java,runtime/Java/src/org/antlr/v4/runtime/atn/ParserATNSimulator.java,https://github.com/antlr/antlr4,antlr4,799,904
9a1a8428b55d61d8885526a7b6e4a3b38e639810,8d7a97fb68be6ecba6ab87a971107ecb2274c909,runtime/Java/src/org/antlr/v4/runtime/atn/SemanticContext.java,runtime/Java/src/org/antlr/v4/runtime/atn/SemanticContext.java,https://github.com/antlr/antlr4,antlr4,49,49
e00fa44996bfda0ba2f6fab3660c57c310d9087d,5a7b3b0cabf07d85a07557ba35a83002a391265b,runtime/Java/src/org/antlr/v4/runtime/atn/LL1Analyzer.java,runtime/Java/src/org/antlr/v4/runtime/atn/LL1Analyzer.java,https://github.com/antlr/antlr4,antlr4,67,68
e00fa44996bfda0ba2f6fab3660c57c310d9087d,3ece2c8640821cd1103c6e0a15aceceda008abb4,runtime/Java/src/org/antlr/v4/runtime/atn/LL1Analyzer.java,runtime/Java/src/org/antlr/v4/runtime/atn/LL1Analyzer.java,https://github.com/antlr/antlr4,antlr4,67,67
e00fa44996bfda0ba2f6fab3660c57c310d9087d,12aa6c2404beca1c43a19a9b149d12226220fbe3,runtime/Java/src/org/antlr/v4/runtime/atn/ParserATNSimulator.java,runtime/Java/src/org/antlr/v4/runtime/atn/ParserATNSimulator.java,https://github.com/antlr/antlr4,antlr4,358,400
2243cc2e8130b961992e0676a9ff5cd2781fed12,8d7a97fb68be6ecba6ab87a971107ecb2274c909,runtime/Java/src/org/antlr/v4/runtime/atn/ParserATNSimulator.java,runtime/Java/src/org/antlr/v4/runtime/atn/ParserATNSimulator.java,https://github.com/antlr/antlr4,antlr4,756,762
8c3e8272d8f6ca2bc7ef1797e36a1afb696f2005,b255509e961bfa798e209c4656738b2937d2b1c3,runtime/Java/src/org/antlr/v4/runtime/atn/LexerATNSimulator.java,runtime/Java/src/org/antlr/v4/runtime/atn/LexerATNSimulator.java,https://github.com/antlr/antlr4,antlr4,184,187
8c3e8272d8f6ca2bc7ef1797e36a1afb696f2005,b255509e961bfa798e209c4656738b2937d2b1c3,runtime/Java/src/org/antlr/v4/runtime/atn/LexerATNSimulator.java,runtime/Java/src/org/antlr/v4/runtime/atn/LexerATNSimulator.java,https://github.com/antlr/antlr4,antlr4,287,268
8c3e8272d8f6ca2bc7ef1797e36a1afb696f2005,3ece2c8640821cd1103c6e0a15aceceda008abb4,runtime/Java/src/org/antlr/v4/runtime/atn/LexerATNSimulator.java,runtime/Java/src/org/antlr/v4/runtime/atn/LexerATNSimulator.java,https://github.com/antlr/antlr4,antlr4,184,184
8c3e8272d8f6ca2bc7ef1797e36a1afb696f2005,3ece2c8640821cd1103c6e0a15aceceda008abb4,runtime/Java/src/org/antlr/v4/runtime/atn/LexerATNSimulator.java,runtime/Java/src/org/antlr/v4/runtime/atn/LexerATNSimulator.java,https://github.com/antlr/antlr4,antlr4,287,265
38c69af8055343b8dc2b6cb6b1de165bd6ed55c1,a923ad8765f25c7b0a8aa290a7ec00d488feb3a2,runtime/Java/src/org/antlr/v4/runtime/atn/ATNConfig.java,runtime/Java/src/org/antlr/v4/runtime/atn/ATNConfig.java,https://github.com/antlr/antlr4,antlr4,56,58
38c69af8055343b8dc2b6cb6b1de165bd6ed55c1,5a7b3b0cabf07d85a07557ba35a83002a391265b,runtime/Java/src/org/antlr/v4/runtime/atn/LL1Analyzer.java,runtime/Java/src/org/antlr/v4/runtime/atn/LL1Analyzer.java,https://github.com/antlr/antlr4,antlr4,118,119
38c69af8055343b8dc2b6cb6b1de165bd6ed55c1,b09077209cbbb3e49d4f87c593545b5fbcca998f,runtime/Java/src/org/antlr/v4/runtime/atn/ParserATNSimulator.java,runtime/Java/src/org/antlr/v4/runtime/atn/ParserATNSimulator.java,https://github.com/antlr/antlr4,antlr4,905,903
38c69af8055343b8dc2b6cb6b1de165bd6ed55c1,b09077209cbbb3e49d4f87c593545b5fbcca998f,runtime/Java/src/org/antlr/v4/runtime/atn/ParserATNSimulator.java,runtime/Java/src/org/antlr/v4/runtime/atn/ParserATNSimulator.java,https://github.com/antlr/antlr4,antlr4,906,904
4400ba169fa46143990198f484099e0cecb6aa7b,5d60e856170ceed84d487e4f991a3250f19c4aba,runtime/Java/src/org/antlr/v4/runtime/ParserRuleContext.java,runtime/Java/src/org/antlr/v4/runtime/ParserRuleContext.java,https://github.com/antlr/antlr4,antlr4,95,95
4400ba169fa46143990198f484099e0cecb6aa7b,5a7b3b0cabf07d85a07557ba35a83002a391265b,runtime/Java/src/org/antlr/v4/runtime/atn/LL1Analyzer.java,runtime/Java/src/org/antlr/v4/runtime/atn/LL1Analyzer.java,https://github.com/antlr/antlr4,antlr4,120,120
4400ba169fa46143990198f484099e0cecb6aa7b,b1c7edb8d87fcc8005dee915a56fcae783e9ef71,runtime/Java/src/org/antlr/v4/runtime/atn/ParserATNSimulator.java,runtime/Java/src/org/antlr/v4/runtime/atn/ParserATNSimulator.java,https://github.com/antlr/antlr4,antlr4,550,624
110fafde5aab1a46ca796cdf86a170d7edf0d757,b09077209cbbb3e49d4f87c593545b5fbcca998f,runtime/Java/src/org/antlr/v4/runtime/atn/ParserATNSimulator.java,runtime/Java/src/org/antlr/v4/runtime/atn/ParserATNSimulator.java,https://github.com/antlr/antlr4,antlr4,888,888
946c59da145c6c11545b06b6ca26d9cc570a242d,b1c7edb8d87fcc8005dee915a56fcae783e9ef71,runtime/Java/src/org/antlr/v4/runtime/BaseRecognizer.java,runtime/Java/src/org/antlr/v4/runtime/BaseRecognizer.java,https://github.com/antlr/antlr4,antlr4,400,400
946c59da145c6c11545b06b6ca26d9cc570a242d,b1c7edb8d87fcc8005dee915a56fcae783e9ef71,runtime/Java/src/org/antlr/v4/runtime/atn/ParserATNSimulator.java,runtime/Java/src/org/antlr/v4/runtime/atn/ParserATNSimulator.java,https://github.com/antlr/antlr4,antlr4,549,623
63168c5577a9ef15203d36bec5d6bd81bcef8f8d,b1c7edb8d87fcc8005dee915a56fcae783e9ef71,runtime/Java/src/org/antlr/v4/runtime/atn/ParserATNSimulator.java,runtime/Java/src/org/antlr/v4/runtime/atn/ParserATNSimulator.java,https://github.com/antlr/antlr4,antlr4,291,303
63168c5577a9ef15203d36bec5d6bd81bcef8f8d,a923ad8765f25c7b0a8aa290a7ec00d488feb3a2,runtime/Java/src/org/antlr/v4/runtime/dfa/DFA.java,runtime/Java/src/org/antlr/v4/runtime/dfa/DFA.java,https://github.com/antlr/antlr4,antlr4,31,31
63168c5577a9ef15203d36bec5d6bd81bcef8f8d,a923ad8765f25c7b0a8aa290a7ec00d488feb3a2,runtime/Java/src/org/antlr/v4/runtime/dfa/DFA.java,runtime/Java/src/org/antlr/v4/runtime/dfa/DFA.java,https://github.com/antlr/antlr4,antlr4,35,35
131e9f7686fc969195f31d5bcf239b5eb2425600,b1c7edb8d87fcc8005dee915a56fcae783e9ef71,runtime/Java/src/org/antlr/v4/runtime/atn/ParserATNSimulator.java,runtime/Java/src/org/antlr/v4/runtime/atn/ParserATNSimulator.java,https://github.com/antlr/antlr4,antlr4,218,218
92279bd6db9824ee424d39cda0d527b86709b37c,a923ad8765f25c7b0a8aa290a7ec00d488feb3a2,runtime/Java/src/org/antlr/v4/runtime/atn/v2ParserATNSimulator.java,runtime/Java/src/org/antlr/v4/runtime/atn/v2ParserATNSimulator.java,https://github.com/antlr/antlr4,antlr4,128,257
fa3483a7fcb0d36a6b97e0d9afce400a7661c5b7,44e2f7f0fd608fe43991e20c51056437f4466eff,runtime/Java/src/org/antlr/v4/runtime/BufferedTokenStream.java,runtime/Java/src/org/antlr/v4/runtime/BufferedTokenStream.java,https://github.com/antlr/antlr4,antlr4,109,99
fa3483a7fcb0d36a6b97e0d9afce400a7661c5b7,a69ccb3c70fd3a7882566c19de4dc053e71cbf16,runtime/Java/src/org/antlr/v4/runtime/BufferedTokenStream.java,runtime/Java/src/org/antlr/v4/runtime/BufferedTokenStream.java,https://github.com/antlr/antlr4,antlr4,109,105
fa3483a7fcb0d36a6b97e0d9afce400a7661c5b7,a69ccb3c70fd3a7882566c19de4dc053e71cbf16,runtime/Java/src/org/antlr/v4/runtime/BufferedTokenStream.java,runtime/Java/src/org/antlr/v4/runtime/BufferedTokenStream.java,https://github.com/antlr/antlr4,antlr4,111,107
fa3483a7fcb0d36a6b97e0d9afce400a7661c5b7,a69ccb3c70fd3a7882566c19de4dc053e71cbf16,runtime/Java/src/org/antlr/v4/runtime/BufferedTokenStream.java,runtime/Java/src/org/antlr/v4/runtime/BufferedTokenStream.java,https://github.com/antlr/antlr4,antlr4,113,109
fa3483a7fcb0d36a6b97e0d9afce400a7661c5b7,44e2f7f0fd608fe43991e20c51056437f4466eff,runtime/Java/src/org/antlr/v4/runtime/CommonTokenStream.java,runtime/Java/src/org/antlr/v4/runtime/CommonTokenStream.java,https://github.com/antlr/antlr4,antlr4,77,79
fa3483a7fcb0d36a6b97e0d9afce400a7661c5b7,a69ccb3c70fd3a7882566c19de4dc053e71cbf16,runtime/Java/src/org/antlr/v4/runtime/CommonTokenStream.java,runtime/Java/src/org/antlr/v4/runtime/CommonTokenStream.java,https://github.com/antlr/antlr4,antlr4,77,79
5ad1505fdb006a8f0d5a8b6221dc377efd9929d8,a923ad8765f25c7b0a8aa290a7ec00d488feb3a2,runtime/Java/src/org/antlr/v4/runtime/atn/v2ParserATNSimulator.java,runtime/Java/src/org/antlr/v4/runtime/atn/v2ParserATNSimulator.java,https://github.com/antlr/antlr4,antlr4,396,520
ebd1fbb63dec31eb081c5b644e738257b854e2e6,64a411485079e8d3771a6f98a88ea8bac41fe438,runtime/Java/src/org/antlr/v4/runtime/atn/v2ParserATNSimulator.java,runtime/Java/src/org/antlr/v4/runtime/atn/ParserATNSimulator.java,https://github.com/antlr/antlr4,antlr4,227,258
ebd1fbb63dec31eb081c5b644e738257b854e2e6,a923ad8765f25c7b0a8aa290a7ec00d488feb3a2,runtime/Java/src/org/antlr/v4/runtime/atn/v2ParserATNSimulator.java,runtime/Java/src/org/antlr/v4/runtime/atn/v2ParserATNSimulator.java,https://github.com/antlr/antlr4,antlr4,352,352
6daa66f83f7b4a0413b4d953250c93d89ed326b8,b255509e961bfa798e209c4656738b2937d2b1c3,runtime/Java/src/org/antlr/v4/runtime/atn/LexerATNSimulator.java,runtime/Java/src/org/antlr/v4/runtime/atn/LexerATNSimulator.java,https://github.com/antlr/antlr4,antlr4,349,392
6daa66f83f7b4a0413b4d953250c93d89ed326b8,3ece2c8640821cd1103c6e0a15aceceda008abb4,runtime/Java/src/org/antlr/v4/runtime/atn/LexerATNSimulator.java,runtime/Java/src/org/antlr/v4/runtime/atn/LexerATNSimulator.java,https://github.com/antlr/antlr4,antlr4,349,389
ce9638e59cc3cf5b6d207cc39c04018ddbb4d732,a923ad8765f25c7b0a8aa290a7ec00d488feb3a2,runtime/Java/src/org/antlr/v4/runtime/atn/LexerATNSimulator.java,runtime/Java/src/org/antlr/v4/runtime/atn/LexerATNSimulator.java,https://github.com/antlr/antlr4,antlr4,643,643
353ddc6c2b1217d4cb23c1f769f871fdf0aaa4f0,88dedbd1e0cddca001afb2704a03cd58e5013805,tool/src/org/antlr/v4/tool/GrammarTransformPipeline.java,tool/src/org/antlr/v4/tool/GrammarTransformPipeline.java,https://github.com/antlr/antlr4,antlr4,37,37
1b04195a2f078f84ee160ff93d41b6f1fd1cc64e,8099cec3bd81c4428fab51d3b79bd373a62cba07,runtime/Java/src/org/antlr/v4/runtime/DefaultErrorStrategy.java,runtime/Java/src/org/antlr/v4/runtime/DefaultErrorStrategy.java,https://github.com/antlr/antlr4,antlr4,100,108
1b04195a2f078f84ee160ff93d41b6f1fd1cc64e,8a34176d8221208f4bae4930dac5b2575ca4805a,runtime/Java/src/org/antlr/v4/runtime/tree/ParseTree.java,runtime/Java/src/org/antlr/v4/runtime/tree/ParseTree.java,https://github.com/antlr/antlr4,antlr4,93,93
3aeeb2b2779970e1d26fdd48f2805f4eb30663f5,5d60e856170ceed84d487e4f991a3250f19c4aba,runtime/Java/src/org/antlr/v4/runtime/Parser.java,runtime/Java/src/org/antlr/v4/runtime/Parser.java,https://github.com/antlr/antlr4,antlr4,135,135
3aeeb2b2779970e1d26fdd48f2805f4eb30663f5,5d60e856170ceed84d487e4f991a3250f19c4aba,runtime/Java/src/org/antlr/v4/runtime/Parser.java,runtime/Java/src/org/antlr/v4/runtime/Parser.java,https://github.com/antlr/antlr4,antlr4,136,136
3aeeb2b2779970e1d26fdd48f2805f4eb30663f5,8099cec3bd81c4428fab51d3b79bd373a62cba07,runtime/Java/src/org/antlr/v4/runtime/Parser.java,runtime/Java/src/org/antlr/v4/runtime/Parser.java,https://github.com/antlr/antlr4,antlr4,42,42
3aeeb2b2779970e1d26fdd48f2805f4eb30663f5,8099cec3bd81c4428fab51d3b79bd373a62cba07,runtime/Java/src/org/antlr/v4/runtime/Parser.java,runtime/Java/src/org/antlr/v4/runtime/Parser.java,https://github.com/antlr/antlr4,antlr4,53,53
3aeeb2b2779970e1d26fdd48f2805f4eb30663f5,8099cec3bd81c4428fab51d3b79bd373a62cba07,runtime/Java/src/org/antlr/v4/runtime/Parser.java,runtime/Java/src/org/antlr/v4/runtime/Parser.java,https://github.com/antlr/antlr4,antlr4,95,95
3aeeb2b2779970e1d26fdd48f2805f4eb30663f5,8099cec3bd81c4428fab51d3b79bd373a62cba07,runtime/Java/src/org/antlr/v4/runtime/Parser.java,runtime/Java/src/org/antlr/v4/runtime/Parser.java,https://github.com/antlr/antlr4,antlr4,200,207
3aeeb2b2779970e1d26fdd48f2805f4eb30663f5,8099cec3bd81c4428fab51d3b79bd373a62cba07,runtime/Java/src/org/antlr/v4/runtime/Parser.java,runtime/Java/src/org/antlr/v4/runtime/Parser.java,https://github.com/antlr/antlr4,antlr4,251,246
3aeeb2b2779970e1d26fdd48f2805f4eb30663f5,8099cec3bd81c4428fab51d3b79bd373a62cba07,runtime/Java/src/org/antlr/v4/runtime/Parser.java,runtime/Java/src/org/antlr/v4/runtime/Parser.java,https://github.com/antlr/antlr4,antlr4,283,278
3aeeb2b2779970e1d26fdd48f2805f4eb30663f5,8099cec3bd81c4428fab51d3b79bd373a62cba07,runtime/Java/src/org/antlr/v4/runtime/Parser.java,runtime/Java/src/org/antlr/v4/runtime/Parser.java,https://github.com/antlr/antlr4,antlr4,284,279
3aeeb2b2779970e1d26fdd48f2805f4eb30663f5,8099cec3bd81c4428fab51d3b79bd373a62cba07,runtime/Java/src/org/antlr/v4/runtime/Parser.java,runtime/Java/src/org/antlr/v4/runtime/Parser.java,https://github.com/antlr/antlr4,antlr4,285,280
c716a87544d6f906b5b42b44efa8e56beb8e2ed9,8099cec3bd81c4428fab51d3b79bd373a62cba07,runtime/Java/src/org/antlr/v4/runtime/Parser.java,runtime/Java/src/org/antlr/v4/runtime/Parser.java,https://github.com/antlr/antlr4,antlr4,296,296
5c328c7e3f8379ee24a4e68458051d9f90d121e1,44e2f7f0fd608fe43991e20c51056437f4466eff,runtime/Java/src/org/antlr/v4/runtime/CommonTokenStream.java,runtime/Java/src/org/antlr/v4/runtime/CommonTokenStream.java,https://github.com/antlr/antlr4,antlr4,75,74
5c328c7e3f8379ee24a4e68458051d9f90d121e1,a69ccb3c70fd3a7882566c19de4dc053e71cbf16,runtime/Java/src/org/antlr/v4/runtime/CommonTokenStream.java,runtime/Java/src/org/antlr/v4/runtime/CommonTokenStream.java,https://github.com/antlr/antlr4,antlr4,75,74
8099cec3bd81c4428fab51d3b79bd373a62cba07,8a34176d8221208f4bae4930dac5b2575ca4805a,runtime/Java/src/org/antlr/v4/runtime/tree/ParseTreeWalker.java,runtime/Java/src/org/antlr/v4/runtime/tree/ParseTreeWalker.java,https://github.com/antlr/antlr4,antlr4,51,53
742a08862fb0f617451f9a825a9d96ad6b88548a,44e2f7f0fd608fe43991e20c51056437f4466eff,runtime/Java/src/org/antlr/v4/runtime/CommonTokenStream.java,runtime/Java/src/org/antlr/v4/runtime/CommonTokenStream.java,https://github.com/antlr/antlr4,antlr4,71,71
742a08862fb0f617451f9a825a9d96ad6b88548a,3ece2c8640821cd1103c6e0a15aceceda008abb4,runtime/Java/src/org/antlr/v4/runtime/CommonTokenStream.java,runtime/Java/src/org/antlr/v4/runtime/CommonTokenStream.java,https://github.com/antlr/antlr4,antlr4,125,131
742a08862fb0f617451f9a825a9d96ad6b88548a,a69ccb3c70fd3a7882566c19de4dc053e71cbf16,runtime/Java/src/org/antlr/v4/runtime/CommonTokenStream.java,runtime/Java/src/org/antlr/v4/runtime/CommonTokenStream.java,https://github.com/antlr/antlr4,antlr4,71,71
742a08862fb0f617451f9a825a9d96ad6b88548a,a69ccb3c70fd3a7882566c19de4dc053e71cbf16,runtime/Java/src/org/antlr/v4/runtime/CommonTokenStream.java,runtime/Java/src/org/antlr/v4/runtime/CommonTokenStream.java,https://github.com/antlr/antlr4,antlr4,146,131
742a08862fb0f617451f9a825a9d96ad6b88548a,a69ccb3c70fd3a7882566c19de4dc053e71cbf16,runtime/Java/src/org/antlr/v4/runtime/CommonTokenStream.java,runtime/Java/src/org/antlr/v4/runtime/CommonTokenStream.java,https://github.com/antlr/antlr4,antlr4,150,135
dc82edad024a2192afa45eed2c1b5a566c5be8bc,b255509e961bfa798e209c4656738b2937d2b1c3,runtime/Java/src/org/antlr/v4/runtime/atn/LexerATNSimulator.java,runtime/Java/src/org/antlr/v4/runtime/atn/LexerATNSimulator.java,https://github.com/antlr/antlr4,antlr4,647,693
dc82edad024a2192afa45eed2c1b5a566c5be8bc,3ece2c8640821cd1103c6e0a15aceceda008abb4,runtime/Java/src/org/antlr/v4/runtime/atn/LexerATNSimulator.java,runtime/Java/src/org/antlr/v4/runtime/atn/LexerATNSimulator.java,https://github.com/antlr/antlr4,antlr4,647,696
7498908d624afda0d1f07a82c9ea58a9aaddfd5c,3ece2c8640821cd1103c6e0a15aceceda008abb4,runtime/Java/src/org/antlr/v4/runtime/tree/Trees.java,runtime/Java/src/org/antlr/v4/runtime/tree/Trees.java,https://github.com/antlr/antlr4,antlr4,98,98
f43f9f22184e3b8193fceeeb0a975b4284d270d2,44e2f7f0fd608fe43991e20c51056437f4466eff,runtime/Java/src/org/antlr/v4/runtime/CommonTokenStream.java,runtime/Java/src/org/antlr/v4/runtime/CommonTokenStream.java,https://github.com/antlr/antlr4,antlr4,86,86
f43f9f22184e3b8193fceeeb0a975b4284d270d2,3ece2c8640821cd1103c6e0a15aceceda008abb4,runtime/Java/src/org/antlr/v4/runtime/CommonTokenStream.java,runtime/Java/src/org/antlr/v4/runtime/CommonTokenStream.java,https://github.com/antlr/antlr4,antlr4,89,89
f43f9f22184e3b8193fceeeb0a975b4284d270d2,a69ccb3c70fd3a7882566c19de4dc053e71cbf16,runtime/Java/src/org/antlr/v4/runtime/CommonTokenStream.java,runtime/Java/src/org/antlr/v4/runtime/CommonTokenStream.java,https://github.com/antlr/antlr4,antlr4,86,86
4f3e40f0d34856cbb4d6b4dc6c79969120a88d3b,3ece2c8640821cd1103c6e0a15aceceda008abb4,tool/src/org/antlr/v4/analysis/AnalysisPipeline.java,tool/src/org/antlr/v4/analysis/AnalysisPipeline.java,https://github.com/antlr/antlr4,antlr4,35,35
99ce3cba5cfe2ecaa81244e59400fa28f2104be3,f7eeca274f33b17dee29e1d35ff95fb7d07c8774,runtime/Java/src/org/antlr/v4/runtime/atn/ParserATNSimulator.java,runtime/Java/src/org/antlr/v4/runtime/atn/ParserATNSimulator.java,https://github.com/antlr/antlr4,antlr4,856,943
3dbf4cdabcba1f7aa1b0f21fdf9d3997e582692b,8a34176d8221208f4bae4930dac5b2575ca4805a,tool/src/org/antlr/v4/Tool.java,tool/src/org/antlr/v4/Tool.java,https://github.com/antlr/antlr4,antlr4,86,86
3dbf4cdabcba1f7aa1b0f21fdf9d3997e582692b,8a34176d8221208f4bae4930dac5b2575ca4805a,tool/src/org/antlr/v4/analysis/LeftRecursiveRuleAltInfo.java,tool/src/org/antlr/v4/analysis/LeftRecursiveRuleAltInfo.java,https://github.com/antlr/antlr4,antlr4,43,43
3dbf4cdabcba1f7aa1b0f21fdf9d3997e582692b,8a34176d8221208f4bae4930dac5b2575ca4805a,tool/src/org/antlr/v4/analysis/LeftRecursiveRuleAnalyzer.java,tool/src/org/antlr/v4/analysis/LeftRecursiveRuleAnalyzer.java,https://github.com/antlr/antlr4,antlr4,32,32
3dbf4cdabcba1f7aa1b0f21fdf9d3997e582692b,8a34176d8221208f4bae4930dac5b2575ca4805a,tool/src/org/antlr/v4/codegen/model/LeftRecursiveRuleFunction.java,tool/src/org/antlr/v4/codegen/model/LeftRecursiveRuleFunction.java,https://github.com/antlr/antlr4,antlr4,32,32
3dbf4cdabcba1f7aa1b0f21fdf9d3997e582692b,8a34176d8221208f4bae4930dac5b2575ca4805a,tool/src/org/antlr/v4/codegen/model/RuleFunction.java,tool/src/org/antlr/v4/codegen/model/RuleFunction.java,https://github.com/antlr/antlr4,antlr4,33,33
b68ce1f5aabab15d7fb15e7410ab2b814a883b51,b7da3361de94fb3f1d552c08e543d1ed293521fc,tool/src/org/antlr/v4/codegen/model/RuleFunction.java,tool/src/org/antlr/v4/codegen/model/RuleFunction.java,https://github.com/antlr/antlr4,antlr4,129,144
a6786743d4b036bcbdfe55dcadcf285b597d858d,8a34176d8221208f4bae4930dac5b2575ca4805a,tool/src/org/antlr/v4/codegen/model/RuleFunction.java,tool/src/org/antlr/v4/codegen/model/RuleFunction.java,https://github.com/antlr/antlr4,antlr4,153,153
cdb420fddeb7d1a9ac3b89edb7b233c4a6d7c64d,8a34176d8221208f4bae4930dac5b2575ca4805a,runtime/Java/src/org/antlr/v4/runtime/ParserRuleContext.java,runtime/Java/src/org/antlr/v4/runtime/ParserRuleContext.java,https://github.com/antlr/antlr4,antlr4,206,244
fa3a664696f3cb1ecdd87c0ef32405e7125af504,8a34176d8221208f4bae4930dac5b2575ca4805a,runtime/Java/src/org/antlr/v4/runtime/ParserRuleContext.java,runtime/Java/src/org/antlr/v4/runtime/ParserRuleContext.java,https://github.com/antlr/antlr4,antlr4,205,222
fa3a664696f3cb1ecdd87c0ef32405e7125af504,8a34176d8221208f4bae4930dac5b2575ca4805a,tool/src/org/antlr/v4/tool/LeftRecursiveRule.java,tool/src/org/antlr/v4/tool/LeftRecursiveRule.java,https://github.com/antlr/antlr4,antlr4,75,75
5ab082967f60ce0c52c0cd274ef7d26a6f705c96,8a34176d8221208f4bae4930dac5b2575ca4805a,runtime/Java/src/org/antlr/v4/runtime/ParserRuleContext.java,runtime/Java/src/org/antlr/v4/runtime/ParserRuleContext.java,https://github.com/antlr/antlr4,antlr4,66,61
5ab082967f60ce0c52c0cd274ef7d26a6f705c96,8a34176d8221208f4bae4930dac5b2575ca4805a,runtime/Java/src/org/antlr/v4/runtime/ParserRuleContext.java,runtime/Java/src/org/antlr/v4/runtime/ParserRuleContext.java,https://github.com/antlr/antlr4,antlr4,202,212
685cf7b7d5814a3321ac6c2ef6c33e061e6c4358,8a34176d8221208f4bae4930dac5b2575ca4805a,runtime/Java/src/org/antlr/v4/runtime/ParserRuleContext.java,runtime/Java/src/org/antlr/v4/runtime/ParserRuleContext.java,https://github.com/antlr/antlr4,antlr4,232,236
725b105135c1856b028bf776e26ed054b9601345,8a34176d8221208f4bae4930dac5b2575ca4805a,runtime/Java/src/org/antlr/v4/runtime/ParserRuleContext.java,runtime/Java/src/org/antlr/v4/runtime/ParserRuleContext.java,https://github.com/antlr/antlr4,antlr4,31,31
725b105135c1856b028bf776e26ed054b9601345,8a34176d8221208f4bae4930dac5b2575ca4805a,tool/src/org/antlr/v4/codegen/model/decl/StructDecl.java,tool/src/org/antlr/v4/codegen/model/decl/StructDecl.java,https://github.com/antlr/antlr4,antlr4,33,33
c6fd89728797ea8b7fdcdbdfc5f8c1833d662eeb,8a34176d8221208f4bae4930dac5b2575ca4805a,tool/src/org/antlr/v4/analysis/LeftRecursiveRuleTransformer.java,tool/src/org/antlr/v4/analysis/LeftRecursiveRuleTransformer.java,https://github.com/antlr/antlr4,antlr4,34,34
c6fd89728797ea8b7fdcdbdfc5f8c1833d662eeb,9455f5cd30a5016e7abd642d81360017ad56b391,tool/src/org/antlr/v4/codegen/Target.java,tool/src/org/antlr/v4/codegen/Target.java,https://github.com/antlr/antlr4,antlr4,35,35
c6fd89728797ea8b7fdcdbdfc5f8c1833d662eeb,3ece2c8640821cd1103c6e0a15aceceda008abb4,tool/src/org/antlr/v4/semantics/SemanticPipeline.java,tool/src/org/antlr/v4/semantics/SemanticPipeline.java,https://github.com/antlr/antlr4,antlr4,34,35
4e8931519c760aaf1e6940c340c1047e34579233,8a34176d8221208f4bae4930dac5b2575ca4805a,tool/src/org/antlr/v4/Tool.java,tool/src/org/antlr/v4/Tool.java,https://github.com/antlr/antlr4,antlr4,34,34
4e8931519c760aaf1e6940c340c1047e34579233,2c8ef6470f82d83540e2641f5797995f0638f2a3,tool/src/org/antlr/v4/codegen/CodeGenerator.java,tool/src/org/antlr/v4/codegen/CodeGenerator.java,https://github.com/antlr/antlr4,antlr4,118,118
8a34176d8221208f4bae4930dac5b2575ca4805a,b7da3361de94fb3f1d552c08e543d1ed293521fc,tool/src/org/antlr/v4/analysis/LeftRecursiveRuleTransformer.java,tool/src/org/antlr/v4/analysis/LeftRecursiveRuleTransformer.java,https://github.com/antlr/antlr4,antlr4,228,228
7dcb148d732613640574fc645782104954c33537,44e2f7f0fd608fe43991e20c51056437f4466eff,runtime/Java/src/org/antlr/v4/runtime/CommonTokenStream.java,runtime/Java/src/org/antlr/v4/runtime/CommonTokenStream.java,https://github.com/antlr/antlr4,antlr4,70,70
7dcb148d732613640574fc645782104954c33537,a69ccb3c70fd3a7882566c19de4dc053e71cbf16,runtime/Java/src/org/antlr/v4/runtime/CommonTokenStream.java,runtime/Java/src/org/antlr/v4/runtime/CommonTokenStream.java,https://github.com/antlr/antlr4,antlr4,70,70
3c511f8207696fdc06f0ae46907396109847e775,44e2f7f0fd608fe43991e20c51056437f4466eff,runtime/Java/src/org/antlr/v4/runtime/CommonTokenStream.java,runtime/Java/src/org/antlr/v4/runtime/CommonTokenStream.java,https://github.com/antlr/antlr4,antlr4,175,175
67b2e6d7c1d86507c829813a6aa7486fc0d58f3d,985b9d691c33b576fa716053866c0630e6e1bc27,tool/src/org/antlr/v4/codegen/model/ListenerFile.java,tool/src/org/antlr/v4/codegen/model/ListenerFile.java,https://github.com/antlr/antlr4,antlr4,11,17
67b2e6d7c1d86507c829813a6aa7486fc0d58f3d,985b9d691c33b576fa716053866c0630e6e1bc27,tool/src/org/antlr/v4/codegen/model/VisitorFile.java,tool/src/org/antlr/v4/codegen/model/VisitorFile.java,https://github.com/antlr/antlr4,antlr4,11,17
590558c4d85ebb250810d4aebbff61f4e074382d,b255509e961bfa798e209c4656738b2937d2b1c3,runtime/Java/src/org/antlr/v4/runtime/atn/LexerATNSimulator.java,runtime/Java/src/org/antlr/v4/runtime/atn/LexerATNSimulator.java,https://github.com/antlr/antlr4,antlr4,72,78
590558c4d85ebb250810d4aebbff61f4e074382d,b255509e961bfa798e209c4656738b2937d2b1c3,runtime/Java/src/org/antlr/v4/runtime/atn/LexerATNSimulator.java,runtime/Java/src/org/antlr/v4/runtime/atn/LexerATNSimulator.java,https://github.com/antlr/antlr4,antlr4,596,607
590558c4d85ebb250810d4aebbff61f4e074382d,3ece2c8640821cd1103c6e0a15aceceda008abb4,runtime/Java/src/org/antlr/v4/runtime/atn/LexerATNSimulator.java,runtime/Java/src/org/antlr/v4/runtime/atn/LexerATNSimulator.java,https://github.com/antlr/antlr4,antlr4,72,75
590558c4d85ebb250810d4aebbff61f4e074382d,3ece2c8640821cd1103c6e0a15aceceda008abb4,runtime/Java/src/org/antlr/v4/runtime/atn/LexerATNSimulator.java,runtime/Java/src/org/antlr/v4/runtime/atn/LexerATNSimulator.java,https://github.com/antlr/antlr4,antlr4,596,610
9d774c6543cdf23acd255fe6b4b4d47e72b18a6d,b255509e961bfa798e209c4656738b2937d2b1c3,runtime/Java/src/org/antlr/v4/runtime/atn/LexerATNSimulator.java,runtime/Java/src/org/antlr/v4/runtime/atn/LexerATNSimulator.java,https://github.com/antlr/antlr4,antlr4,325,331
9d774c6543cdf23acd255fe6b4b4d47e72b18a6d,3ece2c8640821cd1103c6e0a15aceceda008abb4,runtime/Java/src/org/antlr/v4/runtime/atn/LexerATNSimulator.java,runtime/Java/src/org/antlr/v4/runtime/atn/LexerATNSimulator.java,https://github.com/antlr/antlr4,antlr4,325,328
72331774413cae69a5b80a696168ec4c26e7d7ca,344a56fd1e991ed4f4182614cdd58587fd93b063,runtime/Java/src/org/antlr/v4/runtime/atn/PredictionContext.java,runtime/Java/src/org/antlr/v4/runtime/atn/PredictionContext.java,https://github.com/antlr/antlr4,antlr4,95,125
a70cb6f36a60edb39b5fc1488cd5884144ac861e,b255509e961bfa798e209c4656738b2937d2b1c3,runtime/Java/src/org/antlr/v4/runtime/atn/LexerATNSimulator.java,runtime/Java/src/org/antlr/v4/runtime/atn/LexerATNSimulator.java,https://github.com/antlr/antlr4,antlr4,244,250
a70cb6f36a60edb39b5fc1488cd5884144ac861e,3ece2c8640821cd1103c6e0a15aceceda008abb4,runtime/Java/src/org/antlr/v4/runtime/atn/LexerATNSimulator.java,runtime/Java/src/org/antlr/v4/runtime/atn/LexerATNSimulator.java,https://github.com/antlr/antlr4,antlr4,244,247
7e9a86a3e1a9db96dea0867d0073d4b8310bc61c,344a56fd1e991ed4f4182614cdd58587fd93b063,runtime/Java/src/org/antlr/v4/runtime/atn/PredictionContext.java,runtime/Java/src/org/antlr/v4/runtime/atn/PredictionContext.java,https://github.com/antlr/antlr4,antlr4,88,118
55ed1a45bf107803c0c38a35d14391ac34a05c8d,88dedbd1e0cddca001afb2704a03cd58e5013805,runtime/Java/src/org/antlr/v4/runtime/atn/PredictionContext.java,runtime/Java/src/org/antlr/v4/runtime/atn/PredictionContext.java,https://github.com/antlr/antlr4,antlr4,207,120
55ed1a45bf107803c0c38a35d14391ac34a05c8d,88dedbd1e0cddca001afb2704a03cd58e5013805,runtime/Java/src/org/antlr/v4/runtime/atn/PredictionContext.java,runtime/Java/src/org/antlr/v4/runtime/atn/PredictionContext.java,https://github.com/antlr/antlr4,antlr4,222,150
0f969af9479095f21f482eb6132b6262910b3a5f,f7eeca274f33b17dee29e1d35ff95fb7d07c8774,runtime/Java/src/org/antlr/v4/runtime/atn/PredictionContext.java,runtime/Java/src/org/antlr/v4/runtime/atn/PredictionContext.java,https://github.com/antlr/antlr4,antlr4,323,341
0f969af9479095f21f482eb6132b6262910b3a5f,344a56fd1e991ed4f4182614cdd58587fd93b063,runtime/Java/src/org/antlr/v4/runtime/atn/PredictionContext.java,runtime/Java/src/org/antlr/v4/runtime/atn/PredictionContext.java,https://github.com/antlr/antlr4,antlr4,192,180
0f969af9479095f21f482eb6132b6262910b3a5f,f9a63b88100d862ec2c91f2b4a3acb755550538f,runtime/Java/src/org/antlr/v4/runtime/atn/PredictionContext.java,runtime/Java/src/org/antlr/v4/runtime/atn/PredictionContext.java,https://github.com/antlr/antlr4,antlr4,374,350
b035ceec9efdbead6bed5960f745b5b58df5c9b8,f7eeca274f33b17dee29e1d35ff95fb7d07c8774,runtime/Java/src/org/antlr/v4/runtime/atn/ParserATNSimulator.java,runtime/Java/src/org/antlr/v4/runtime/atn/ParserATNSimulator.java,https://github.com/antlr/antlr4,antlr4,933,935
b035ceec9efdbead6bed5960f745b5b58df5c9b8,f7eeca274f33b17dee29e1d35ff95fb7d07c8774,runtime/Java/src/org/antlr/v4/runtime/atn/PredictionContext.java,runtime/Java/src/org/antlr/v4/runtime/atn/PredictionContext.java,https://github.com/antlr/antlr4,antlr4,343,361
42706485e97d5b7b320c8532ef09890302366fc0,3ece2c8640821cd1103c6e0a15aceceda008abb4,tool/src/org/antlr/v4/tool/Grammar.java,tool/src/org/antlr/v4/tool/Grammar.java,https://github.com/antlr/antlr4,antlr4,54,54
f238d7579ef4de47535e16c9d5f98573b252e014,3ece2c8640821cd1103c6e0a15aceceda008abb4,runtime/Java/src/org/antlr/v4/runtime/BufferedTokenStream.java,runtime/Java/src/org/antlr/v4/runtime/BufferedTokenStream.java,https://github.com/antlr/antlr4,antlr4,35,37
588e30bfe17b017ff6fd2128d04b62cd2826610e,3ece2c8640821cd1103c6e0a15aceceda008abb4,runtime/Java/src/org/antlr/v4/runtime/BufferedTokenStream.java,runtime/Java/src/org/antlr/v4/runtime/BufferedTokenStream.java,https://github.com/antlr/antlr4,antlr4,244,244
03d7b51d3c927207e5b203d8f4fb2a9a9a7e7799,3b2c0a617790357cde29ded95971bbc86e2fc9fb,runtime/Java/src/org/antlr/v4/runtime/BufferedTokenStream.java,runtime/Java/src/org/antlr/v4/runtime/BufferedTokenStream.java,https://github.com/antlr/antlr4,antlr4,248,248
03d7b51d3c927207e5b203d8f4fb2a9a9a7e7799,a69ccb3c70fd3a7882566c19de4dc053e71cbf16,runtime/Java/src/org/antlr/v4/runtime/BufferedTokenStream.java,runtime/Java/src/org/antlr/v4/runtime/BufferedTokenStream.java,https://github.com/antlr/antlr4,antlr4,271,276
03d7b51d3c927207e5b203d8f4fb2a9a9a7e7799,a69ccb3c70fd3a7882566c19de4dc053e71cbf16,runtime/Java/src/org/antlr/v4/runtime/CommonTokenStream.java,runtime/Java/src/org/antlr/v4/runtime/CommonTokenStream.java,https://github.com/antlr/antlr4,antlr4,89,89
990da7d1d873c39fce0ac726a9a0008ff774e49b,3b2c0a617790357cde29ded95971bbc86e2fc9fb,runtime/Java/src/org/antlr/v4/runtime/BufferedTokenStream.java,runtime/Java/src/org/antlr/v4/runtime/BufferedTokenStream.java,https://github.com/antlr/antlr4,antlr4,302,332
0c22d1287001786e258b809dbb0b8a41893d05f8,3b2c0a617790357cde29ded95971bbc86e2fc9fb,runtime/Java/src/org/antlr/v4/runtime/BufferedTokenStream.java,runtime/Java/src/org/antlr/v4/runtime/BufferedTokenStream.java,https://github.com/antlr/antlr4,antlr4,266,266
1d9aef0a5e453f0972cf4518aa14a0e804142ba9,9455f5cd30a5016e7abd642d81360017ad56b391,tool/src/org/antlr/v4/parse/TokenVocabParser.java,tool/src/org/antlr/v4/parse/TokenVocabParser.java,https://github.com/antlr/antlr4,antlr4,62,62
54d23066b21a9eff520a8267c355fe7e76767fd2,f7eeca274f33b17dee29e1d35ff95fb7d07c8774,runtime/Java/src/org/antlr/v4/runtime/atn/PredictionContext.java,runtime/Java/src/org/antlr/v4/runtime/atn/PredictionContext.java,https://github.com/antlr/antlr4,antlr4,336,337
869521090390642b3de5fda98e7ffcfdeddf64d9,88dedbd1e0cddca001afb2704a03cd58e5013805,runtime/Java/src/org/antlr/v4/runtime/atn/PredictionContext.java,runtime/Java/src/org/antlr/v4/runtime/atn/PredictionContext.java,https://github.com/antlr/antlr4,antlr4,211,128
44ae1dad0b5df3e4963cd34f23e46ff4572eb801,f9a63b88100d862ec2c91f2b4a3acb755550538f,runtime/Java/src/org/antlr/v4/runtime/atn/PredictionContext.java,runtime/Java/src/org/antlr/v4/runtime/atn/PredictionContext.java,https://github.com/antlr/antlr4,antlr4,392,341
e18b9132d9cacc378992d7cb364c6d7fefb49594,f9a63b88100d862ec2c91f2b4a3acb755550538f,runtime/Java/src/org/antlr/v4/runtime/atn/PredictionContext.java,runtime/Java/src/org/antlr/v4/runtime/atn/PredictionContext.java,https://github.com/antlr/antlr4,antlr4,385,334
e18b9132d9cacc378992d7cb364c6d7fefb49594,f9a63b88100d862ec2c91f2b4a3acb755550538f,runtime/Java/src/org/antlr/v4/runtime/atn/PredictionContext.java,runtime/Java/src/org/antlr/v4/runtime/atn/PredictionContext.java,https://github.com/antlr/antlr4,antlr4,386,335
d8a9207041fc12f358f96369a6afd27a8cdb3013,88dedbd1e0cddca001afb2704a03cd58e5013805,runtime/Java/src/org/antlr/v4/runtime/atn/PredictionContext.java,runtime/Java/src/org/antlr/v4/runtime/atn/PredictionContext.java,https://github.com/antlr/antlr4,antlr4,407,328
935fd2831e46d40e781fa0ffa374972759ebedba,344a56fd1e991ed4f4182614cdd58587fd93b063,runtime/Java/src/org/antlr/v4/runtime/atn/ParserATNSimulator.java,runtime/Java/src/org/antlr/v4/runtime/atn/ParserATNSimulator.java,https://github.com/antlr/antlr4,antlr4,516,516
935fd2831e46d40e781fa0ffa374972759ebedba,f55a6486b7da093ec62c41c2370c54ebf91effbc,runtime/Java/src/org/antlr/v4/runtime/atn/ParserATNSimulator.java,runtime/Java/src/org/antlr/v4/runtime/atn/ParserATNSimulator.java,https://github.com/antlr/antlr4,antlr4,517,444
19663792658e34e833374c15d17096782a4d6392,344a56fd1e991ed4f4182614cdd58587fd93b063,runtime/Java/src/org/antlr/v4/runtime/atn/ATNConfigSet.java,runtime/Java/src/org/antlr/v4/runtime/atn/ATNConfigSet.java,https://github.com/antlr/antlr4,antlr4,160,160
19663792658e34e833374c15d17096782a4d6392,344a56fd1e991ed4f4182614cdd58587fd93b063,runtime/Java/src/org/antlr/v4/runtime/atn/PredictionContext.java,runtime/Java/src/org/antlr/v4/runtime/atn/PredictionContext.java,https://github.com/antlr/antlr4,antlr4,487,487
344a56fd1e991ed4f4182614cdd58587fd93b063,51c3d65173dbf464606c1c3905b886fa4dc0d52b,runtime/Java/src/org/antlr/v4/runtime/atn/ParserATNSimulator.java,runtime/Java/src/org/antlr/v4/runtime/atn/ParserATNSimulator.java,https://github.com/antlr/antlr4,antlr4,320,366
344a56fd1e991ed4f4182614cdd58587fd93b063,51c3d65173dbf464606c1c3905b886fa4dc0d52b,runtime/Java/src/org/antlr/v4/runtime/atn/ParserATNSimulator.java,runtime/Java/src/org/antlr/v4/runtime/atn/ParserATNSimulator.java,https://github.com/antlr/antlr4,antlr4,521,442
344a56fd1e991ed4f4182614cdd58587fd93b063,f55a6486b7da093ec62c41c2370c54ebf91effbc,runtime/Java/src/org/antlr/v4/runtime/atn/ParserATNSimulator.java,runtime/Java/src/org/antlr/v4/runtime/atn/ParserATNSimulator.java,https://github.com/antlr/antlr4,antlr4,324,370
2ae4d4eebdf740c2f6ffefb6a0829ab5b4a511a2,88dedbd1e0cddca001afb2704a03cd58e5013805,runtime/Java/src/org/antlr/v4/runtime/atn/ArrayPredictionContext.java,runtime/Java/src/org/antlr/v4/runtime/atn/ArrayPredictionContext.java,https://github.com/antlr/antlr4,antlr4,128,126
2ae4d4eebdf740c2f6ffefb6a0829ab5b4a511a2,88dedbd1e0cddca001afb2704a03cd58e5013805,runtime/Java/src/org/antlr/v4/runtime/atn/ParserATNSimulator.java,runtime/Java/src/org/antlr/v4/runtime/atn/ParserATNSimulator.java,https://github.com/antlr/antlr4,antlr4,1026,1088
2ae4d4eebdf740c2f6ffefb6a0829ab5b4a511a2,64a411485079e8d3771a6f98a88ea8bac41fe438,runtime/Java/src/org/antlr/v4/runtime/atn/ParserATNSimulator.java,runtime/Java/src/org/antlr/v4/runtime/atn/ParserATNSimulator.java,https://github.com/antlr/antlr4,antlr4,244,257
2ae4d4eebdf740c2f6ffefb6a0829ab5b4a511a2,88dedbd1e0cddca001afb2704a03cd58e5013805,runtime/Java/src/org/antlr/v4/runtime/atn/PredictionContext.java,runtime/Java/src/org/antlr/v4/runtime/atn/PredictionContext.java,https://github.com/antlr/antlr4,antlr4,74,74
2ae4d4eebdf740c2f6ffefb6a0829ab5b4a511a2,88dedbd1e0cddca001afb2704a03cd58e5013805,runtime/Java/src/org/antlr/v4/runtime/atn/SingletonPredictionContext.java,runtime/Java/src/org/antlr/v4/runtime/atn/SingletonPredictionContext.java,https://github.com/antlr/antlr4,antlr4,56,53
86a4f265967d73314d8db86753a3b5e6f41f8fb3,51c3d65173dbf464606c1c3905b886fa4dc0d52b,runtime/Java/src/org/antlr/v4/runtime/atn/ParserATNSimulator.java,runtime/Java/src/org/antlr/v4/runtime/atn/ParserATNSimulator.java,https://github.com/antlr/antlr4,antlr4,304,335
86a4f265967d73314d8db86753a3b5e6f41f8fb3,51c3d65173dbf464606c1c3905b886fa4dc0d52b,runtime/Java/src/org/antlr/v4/runtime/atn/ParserATNSimulator.java,runtime/Java/src/org/antlr/v4/runtime/atn/ParserATNSimulator.java,https://github.com/antlr/antlr4,antlr4,698,653
86a4f265967d73314d8db86753a3b5e6f41f8fb3,f55a6486b7da093ec62c41c2370c54ebf91effbc,runtime/Java/src/org/antlr/v4/runtime/atn/ParserATNSimulator.java,runtime/Java/src/org/antlr/v4/runtime/atn/ParserATNSimulator.java,https://github.com/antlr/antlr4,antlr4,341,367
3c7b4c2a336eda7b40731dcae74ce018c7a4c0b9,88dedbd1e0cddca001afb2704a03cd58e5013805,runtime/Java/src/org/antlr/v4/runtime/atn/ParserATNSimulator.java,runtime/Java/src/org/antlr/v4/runtime/atn/ParserATNSimulator.java,https://github.com/antlr/antlr4,antlr4,639,821
26165c5d5454195b0553fc623d7510aba23d80b4,88dedbd1e0cddca001afb2704a03cd58e5013805,runtime/Java/src/org/antlr/v4/runtime/atn/LexerATNSimulator.java,runtime/Java/src/org/antlr/v4/runtime/atn/LexerATNSimulator.java,https://github.com/antlr/antlr4,antlr4,494,506
8279c3da11fce5343b440dd4d969faebb1cf43cf,e1c895719206f682d11e386c6ea49520f833c7c6,runtime/Java/src/org/antlr/v4/runtime/atn/ATNConfigSet.java,runtime/Java/src/org/antlr/v4/runtime/atn/ATNConfigSet.java,https://github.com/antlr/antlr4,antlr4,175,261
8279c3da11fce5343b440dd4d969faebb1cf43cf,1a56291407f29078015bdb99ea6c079526e138ac,runtime/Java/src/org/antlr/v4/runtime/misc/Array2DHashSet.java,runtime/Java/src/org/antlr/v4/runtime/misc/Array2DHashSet.java,https://github.com/antlr/antlr4,antlr4,22,32
680df17280027ab2284b713331806f5202cfabc3,88dedbd1e0cddca001afb2704a03cd58e5013805,runtime/Java/src/org/antlr/v4/runtime/atn/ATNConfigSet.java,runtime/Java/src/org/antlr/v4/runtime/atn/ATNConfigSet.java,https://github.com/antlr/antlr4,antlr4,313,313
680df17280027ab2284b713331806f5202cfabc3,88dedbd1e0cddca001afb2704a03cd58e5013805,runtime/Java/src/org/antlr/v4/runtime/atn/ArrayPredictionContext.java,runtime/Java/src/org/antlr/v4/runtime/atn/ArrayPredictionContext.java,https://github.com/antlr/antlr4,antlr4,135,135
680df17280027ab2284b713331806f5202cfabc3,88dedbd1e0cddca001afb2704a03cd58e5013805,runtime/Java/src/org/antlr/v4/runtime/atn/ParserATNSimulator.java,runtime/Java/src/org/antlr/v4/runtime/atn/ParserATNSimulator.java,https://github.com/antlr/antlr4,antlr4,623,810
680df17280027ab2284b713331806f5202cfabc3,88dedbd1e0cddca001afb2704a03cd58e5013805,runtime/Java/src/org/antlr/v4/runtime/atn/PredictionContext.java,runtime/Java/src/org/antlr/v4/runtime/atn/PredictionContext.java,https://github.com/antlr/antlr4,antlr4,158,158
680df17280027ab2284b713331806f5202cfabc3,88dedbd1e0cddca001afb2704a03cd58e5013805,runtime/Java/src/org/antlr/v4/runtime/atn/SingletonPredictionContext.java,runtime/Java/src/org/antlr/v4/runtime/atn/SingletonPredictionContext.java,https://github.com/antlr/antlr4,antlr4,56,56
06d7c150fd11e22aaa8ecb0a1c5d001e4f564c63,88dedbd1e0cddca001afb2704a03cd58e5013805,runtime/Java/src/org/antlr/v4/runtime/atn/ParserATNSimulator.java,runtime/Java/src/org/antlr/v4/runtime/atn/ParserATNSimulator.java,https://github.com/antlr/antlr4,antlr4,802,912
e7b65057a64617e8498348855f57e59b17fd878e,88dedbd1e0cddca001afb2704a03cd58e5013805,runtime/Java/src/org/antlr/v4/runtime/atn/ParserATNSimulator.java,runtime/Java/src/org/antlr/v4/runtime/atn/ParserATNSimulator.java,https://github.com/antlr/antlr4,antlr4,239,239
1ce6b69651c3300b0ac4d8f6578c5760ca472c9d,1a56291407f29078015bdb99ea6c079526e138ac,runtime/Java/src/org/antlr/v4/runtime/misc/FlexibleHashMap.java,runtime/Java/src/org/antlr/v4/runtime/misc/FlexibleHashMap.java,https://github.com/antlr/antlr4,antlr4,200,212
badb48a987433b9395e757fadf2bf6ce85798a7a,1723bbd6f5b0637fa27a03f836117e3b2e2686f2,runtime/Java/src/org/antlr/v4/runtime/atn/ParserATNSimulator.java,runtime/Java/src/org/antlr/v4/runtime/atn/ParserATNSimulator.java,https://github.com/antlr/antlr4,antlr4,258,258
e69734c501c469c4734603243cee55252769ed66,64a411485079e8d3771a6f98a88ea8bac41fe438,runtime/Java/src/org/antlr/v4/runtime/atn/ParserATNSimulator.java,runtime/Java/src/org/antlr/v4/runtime/atn/ParserATNSimulator.java,https://github.com/antlr/antlr4,antlr4,258,256
e9c83c375f00c9abb8e96168650f60a450481dd7,e1c895719206f682d11e386c6ea49520f833c7c6,runtime/Java/src/org/antlr/v4/runtime/atn/PredictionMode.java,runtime/Java/src/org/antlr/v4/runtime/atn/PredictionMode.java,https://github.com/antlr/antlr4,antlr4,52,52
aa2223cd6a4d6ef43e680a1e0c4f074951fb9ab8,f9a63b88100d862ec2c91f2b4a3acb755550538f,runtime/Java/src/org/antlr/v4/runtime/atn/PredictionContext.java,runtime/Java/src/org/antlr/v4/runtime/atn/PredictionContext.java,https://github.com/antlr/antlr4,antlr4,334,338
9d34d4d3c9353e8423f754e19c4d26ea87245b2a,80f7c35a7ce45ec1b698eec4e05b49106a348a74,tool/src/org/antlr/v4/semantics/BasicSemanticChecks.java,tool/src/org/antlr/v4/semantics/BasicSemanticChecks.java,https://github.com/antlr/antlr4,antlr4,340,350
afe2224881e8bffdb5dc988908519c417b33b8c8,80f7c35a7ce45ec1b698eec4e05b49106a348a74,tool/src/org/antlr/v4/Tool.java,tool/src/org/antlr/v4/Tool.java,https://github.com/antlr/antlr4,antlr4,429,436
e537351840dbaa51fb2aca18067db0f30d0df846,124f5eb30da63e05066596284eee828e884569ff,antlr4-maven-plugin/src/main/java/org/antlr/mojo/antlr4/Antlr4Mojo.java,antlr4-maven-plugin/src/main/java/org/antlr/mojo/antlr4/Antlr4Mojo.java,https://github.com/antlr/antlr4,antlr4,240,240
64a411485079e8d3771a6f98a88ea8bac41fe438,3f20db36ed06ff9da4d78f92fa1eadeaba1169da,runtime/Java/src/org/antlr/v4/runtime/atn/ParserATNSimulator.java,runtime/Java/src/org/antlr/v4/runtime/atn/ParserATNSimulator.java,https://github.com/antlr/antlr4,antlr4,257,271
64a411485079e8d3771a6f98a88ea8bac41fe438,7210a4c26d0bd6ecfd1d3ce3e01a037eb5343558,runtime/Java/src/org/antlr/v4/runtime/atn/ParserATNSimulator.java,runtime/Java/src/org/antlr/v4/runtime/atn/ParserATNSimulator.java,https://github.com/antlr/antlr4,antlr4,256,270
64a411485079e8d3771a6f98a88ea8bac41fe438,7d70eb1a8a4c797163fa2fb7168cc59905169df9,runtime/Java/src/org/antlr/v4/runtime/atn/ParserATNSimulator.java,runtime/Java/src/org/antlr/v4/runtime/atn/ParserATNSimulator.java,https://github.com/antlr/antlr4,antlr4,259,273
f77cf59dbf1c1ac22ada00388b2b58fe891002c5,1a56291407f29078015bdb99ea6c079526e138ac,runtime/Java/src/org/antlr/v4/runtime/misc/Array2DHashSet.java,runtime/Java/src/org/antlr/v4/runtime/misc/Array2DHashSet.java,https://github.com/antlr/antlr4,antlr4,325,384
d8f2a5ce3c791e5609f29d911f199902ec3acf7b,59bc9faf45db926af805a41b5b85cc9fda135cf7,runtime/Java/src/org/antlr/v4/runtime/atn/ParserATNSimulator.java,runtime/Java/src/org/antlr/v4/runtime/atn/ParserATNSimulator.java,https://github.com/antlr/antlr4,antlr4,434,507
d2caae46a787bcab670f860d77d5b06b303306ba,09ddded3ed086da12d7e11bd580dea8a1a9586fc,runtime/Java/src/org/antlr/v4/runtime/tree/xpath/XPath.java,runtime/Java/src/org/antlr/v4/runtime/tree/xpath/XPath.java,https://github.com/antlr/antlr4,antlr4,40,61
8237952cbb1efdc87dd9ff6f1d9228a5cebc2ab3,09ddded3ed086da12d7e11bd580dea8a1a9586fc,runtime/Java/src/org/antlr/v4/runtime/tree/xpath/XPath.java,runtime/Java/src/org/antlr/v4/runtime/tree/xpath/XPath.java,https://github.com/antlr/antlr4,antlr4,91,82
8237952cbb1efdc87dd9ff6f1d9228a5cebc2ab3,09ddded3ed086da12d7e11bd580dea8a1a9586fc,runtime/Java/src/org/antlr/v4/runtime/tree/xpath/XPath.java,runtime/Java/src/org/antlr/v4/runtime/tree/xpath/XPath.java,https://github.com/antlr/antlr4,antlr4,110,105
3fda64f85bc3d330ce9a3d27102ea79b0544af73,09ddded3ed086da12d7e11bd580dea8a1a9586fc,runtime/Java/src/org/antlr/v4/runtime/tree/Trees.java,runtime/Java/src/org/antlr/v4/runtime/tree/Trees.java,https://github.com/antlr/antlr4,antlr4,35,35
3fda64f85bc3d330ce9a3d27102ea79b0544af73,09ddded3ed086da12d7e11bd580dea8a1a9586fc,runtime/Java/src/org/antlr/v4/runtime/tree/xpath/XPath.java,runtime/Java/src/org/antlr/v4/runtime/tree/xpath/XPath.java,https://github.com/antlr/antlr4,antlr4,96,96
f1692591cc6b0e0fa5f4057d686ae1c376f1bde4,985b9d691c33b576fa716053866c0630e6e1bc27,tool/src/org/antlr/v4/codegen/model/ListenerFile.java,tool/src/org/antlr/v4/codegen/model/ListenerFile.java,https://github.com/antlr/antlr4,antlr4,41,18
d476d3e5d9a117a6d00af194e4729dda85254851,8b8094c044448ce437c73ac0ab4b660625ffe933,tool/src/org/antlr/v4/codegen/model/Recognizer.java,tool/src/org/antlr/v4/codegen/model/Recognizer.java,https://github.com/antlr/antlr4,antlr4,51,60
2777bc4d269e2e56ebe19f11184aae132f676c61,985b9d691c33b576fa716053866c0630e6e1bc27,tool/src/org/antlr/v4/codegen/model/ListenerFile.java,tool/src/org/antlr/v4/codegen/model/ListenerFile.java,https://github.com/antlr/antlr4,antlr4,39,15
2777bc4d269e2e56ebe19f11184aae132f676c61,985b9d691c33b576fa716053866c0630e6e1bc27,tool/src/org/antlr/v4/codegen/model/VisitorFile.java,tool/src/org/antlr/v4/codegen/model/VisitorFile.java,https://github.com/antlr/antlr4,antlr4,39,15
f026bb7d01f174c7b496d585c1f0960d25d07e2b,8b8094c044448ce437c73ac0ab4b660625ffe933,tool/src/org/antlr/v4/codegen/model/Recognizer.java,tool/src/org/antlr/v4/codegen/model/Recognizer.java,https://github.com/antlr/antlr4,antlr4,58,58
36ae2795f88bc05ac7eafbbdcc45eda7770500ca,1dfc764df7b580c22063d0da28543be6f2de12a3,tool/src/org/antlr/v4/codegen/target/GoTarget.java,tool/src/org/antlr/v4/codegen/target/GoTarget.java,https://github.com/antlr/antlr4,antlr4,56,56
4ffb3f81b61d3d70314e7a08f5399e59685fa9fe,89427b7f4510745e58c188d16eef407fef410e9c,runtime/Java/src/org/antlr/v4/runtime/atn/ParserATNSimulator.java,runtime/Java/src/org/antlr/v4/runtime/atn/ParserATNSimulator.java,https://github.com/antlr/antlr4,antlr4,1465,1465
3d0678508bd7b383ca8ddd5b42dfba184c4f831d,985b9d691c33b576fa716053866c0630e6e1bc27,tool/src/org/antlr/v4/codegen/model/VisitorFile.java,tool/src/org/antlr/v4/codegen/model/VisitorFile.java,https://github.com/antlr/antlr4,antlr4,66,44
883e013cc6a6202b34545f465e3ed80e24f2da04,1a56291407f29078015bdb99ea6c079526e138ac,runtime/Java/src/org/antlr/v4/runtime/misc/Array2DHashSet.java,runtime/Java/src/org/antlr/v4/runtime/misc/Array2DHashSet.java,https://github.com/antlr/antlr4,antlr4,53,29
883e013cc6a6202b34545f465e3ed80e24f2da04,1a56291407f29078015bdb99ea6c079526e138ac,runtime/Java/src/org/antlr/v4/runtime/misc/Array2DHashSet.java,runtime/Java/src/org/antlr/v4/runtime/misc/Array2DHashSet.java,https://github.com/antlr/antlr4,antlr4,410,386
75d5db594160744844b16a71fb2247b989bceea3,e8599bf0d1aee51b4aa54f52c7d2210faf4720a2,tool/src/org/antlr/v4/automata/LexerATNFactory.java,tool/src/org/antlr/v4/automata/LexerATNFactory.java,https://github.com/antlr/antlr4,antlr4,380,444
e0460f103b6a7fe8c57474a78f06eb760f907b66,e8599bf0d1aee51b4aa54f52c7d2210faf4720a2,tool/src/org/antlr/v4/automata/LexerATNFactory.java,tool/src/org/antlr/v4/automata/LexerATNFactory.java,https://github.com/antlr/antlr4,antlr4,386,447
e3f85774a4797c922824c38d3717336f653158ef,e8599bf0d1aee51b4aa54f52c7d2210faf4720a2,tool/src/org/antlr/v4/automata/LexerATNFactory.java,tool/src/org/antlr/v4/automata/LexerATNFactory.java,https://github.com/antlr/antlr4,antlr4,478,479
31f4dcc7cfe44e81ef00c6ee0aafb1581f30cadc,f650a0be67e9957041a80cc19f65b315226fbb6b,runtime/Java/src/org/antlr/v4/runtime/BufferedTokenStream.java,runtime/Java/src/org/antlr/v4/runtime/BufferedTokenStream.java,https://github.com/antlr/antlr4,antlr4,444,444
35794ef08c24e6693669eec8540413c9ddab2132,6559425afe75f9d48ef63feffe1e2916ccd5726b,runtime-testsuite/test/org/antlr/v4/test/runtime/BaseRuntimeTestSupport.java,runtime-testsuite/test/org/antlr/v4/test/runtime/RuntimeRunner.java,https://github.com/antlr/antlr4,antlr4,176,226
c43982e0c59cbf09815001fc168f2e8c3729299b,2825deeec46e77a783a4dd888be2c30a56753436,runtime-testsuite/test/org/antlr/v4/test/runtime/java/JavaRunner.java,runtime-testsuite/test/org/antlr/v4/test/runtime/java/JavaRunner.java,https://github.com/antlr/antlr4,antlr4,190,195
3f20db36ed06ff9da4d78f92fa1eadeaba1169da,51c3d65173dbf464606c1c3905b886fa4dc0d52b,runtime/Java/src/org/antlr/v4/runtime/atn/ParserATNSimulator.java,runtime/Java/src/org/antlr/v4/runtime/atn/ParserATNSimulator.java,https://github.com/antlr/antlr4,antlr4,271,271
2825deeec46e77a783a4dd888be2c30a56753436,e8ce09aa1825bbbd93546e6451e2e6523f9451ac,runtime-testsuite/test/org/antlr/v4/test/runtime/java/JavaRunner.java,runtime-testsuite/test/org/antlr/v4/test/runtime/java/JavaRunner.java,https://github.com/antlr/antlr4,antlr4,188,188
e100f0424b80eebcbc7e38b80fa0ba5a1a476d9a,51c3d65173dbf464606c1c3905b886fa4dc0d52b,runtime/Java/src/org/antlr/v4/runtime/atn/ParserATNSimulator.java,runtime/Java/src/org/antlr/v4/runtime/atn/ParserATNSimulator.java,https://github.com/antlr/antlr4,antlr4,1465,1465
51c3d65173dbf464606c1c3905b886fa4dc0d52b,f55a6486b7da093ec62c41c2370c54ebf91effbc,runtime/Java/src/org/antlr/v4/runtime/atn/ParserATNSimulator.java,runtime/Java/src/org/antlr/v4/runtime/atn/ParserATNSimulator.java,https://github.com/antlr/antlr4,antlr4,366,366
